event_id,timestamp,principal_id,event_name,service,label,label_binary,attack_type,model_prediction,model_flagged_anomaly,model_decision_value,anomaly_score,rule_score,final_risk_score,risk_level,reasons
evt-bdaa3b36-5931-4f48-acd7-5b37f7539dca,2026-07-26T08:05:20Z,developer-02,ListFunctions,lambda,normal,0,,normal,False,0.099389,0.3552,0.02,0.2546,LOW,[]
evt-6cb854dd-707c-4c93-a19e-b465bba758f3,2026-07-26T08:12:18Z,developer-08,DescribeTable,dynamodb,normal,0,,normal,False,0.078605,0.3842,0.12,0.305,LOW,"[""The activity occurred outside the home Region.""]"
evt-e92290a9-024f-4cef-82d1-a9d733cdbb49,2026-07-26T08:16:51Z,developer-04,ListBuckets,s3,normal,0,,normal,False,0.066887,0.401,0.125,0.3182,LOW,"[""The activity occurred outside the home Region.""]"
evt-c728af3c-517b-434a-a859-23211054f331,2026-07-26T08:22:57Z,developer-05,GetObject,s3,normal,0,,normal,False,0.082844,0.3782,0.0375,0.276,LOW,[]
evt-9a5ba00c-261a-4988-aff4-5864dc4deb40,2026-07-26T09:07:54Z,data-scientist-03,DescribeInstances,ec2,normal,0,,normal,False,0.092204,0.3651,0.125,0.2931,LOW,"[""The activity occurred outside the home Region.""]"
evt-99153f60-3e1c-4999-af82-54dc52ae5a83,2026-07-26T09:14:40Z,ml-engineer-03,DescribeLogGroups,logs,normal,0,,normal,False,0.078187,0.3848,0.1125,0.3031,LOW,"[""The activity occurred outside the home Region.""]"
evt-b4b73991-57ed-400c-a2ab-87f18090b5b3,2026-07-26T09:17:49Z,data-scientist-02,DescribeTable,dynamodb,normal,0,,normal,False,0.093141,0.3638,0.12,0.2907,LOW,"[""The activity occurred outside the home Region.""]"
evt-8c809ab3-4664-4d14-993d-19022bf447d6,2026-07-26T09:22:35Z,data-scientist-03,GetMetricData,cloudwatch,normal,0,,normal,False,0.098216,0.3568,0.0125,0.2535,LOW,[]
evt-1cafa269-cb0e-4662-a016-ea31bbe85b8d,2026-07-26T09:23:15Z,data-scientist-03,DescribeLogGroups,logs,normal,0,,suspicious,True,-0.070321,0.6039,0.0125,0.4265,MEDIUM,[]
evt-1e26634f-7565-43a6-b0fd-6303b6f1d8b4,2026-07-26T09:28:10Z,data-scientist-01,GetObject,s3,normal,0,,normal,False,0.096002,0.3599,0.0375,0.2631,LOW,[]
evt-e2e21985-6f09-46dd-9608-69fb3b3c547a,2026-07-26T09:29:04Z,developer-03,GetMetricData,cloudwatch,normal,0,,normal,False,0.10231,0.3512,0.0125,0.2496,LOW,[]
evt-619a4291-f214-4c7e-8dfb-7b3cab10b970,2026-07-26T09:39:50Z,data-scientist-01,GetCallerIdentity,sts,normal,0,,normal,False,0.06818,0.3991,0.1125,0.3131,LOW,"[""The activity occurred outside the home Region.""]"
evt-d1185828-ee00-4421-be6e-0b060fadbc95,2026-07-26T10:00:59Z,developer-07,DescribeTable,dynamodb,normal,0,,normal,False,0.120967,0.3261,0.02,0.2343,LOW,[]
evt-ba30b335-3b7f-4b12-9533-6d3007d17f70,2026-07-26T10:08:42Z,developer-08,GetObject,s3,normal,0,,normal,False,0.077633,0.3856,0.1375,0.3112,LOW,"[""The activity occurred outside the home Region.""]"
evt-a7d33092-66c2-4ce1-b39c-7bb7c837cb2a,2026-07-26T10:19:06Z,ml-engineer-02,Query,dynamodb,normal,0,,normal,False,0.102247,0.3513,0.0375,0.2571,LOW,[]
evt-d5a6e2e3-f0a2-4dd6-bc30-3a1d67cf0fa3,2026-07-26T10:25:42Z,developer-01,ListBuckets,s3,normal,0,,normal,False,0.095347,0.3608,0.125,0.29,LOW,"[""The activity occurred outside the home Region.""]"
evt-af810405-77f8-49e6-8083-2ab3a93814f6,2026-07-26T10:26:19Z,developer-05,ListBuckets,s3,normal,0,,normal,False,0.095347,0.3608,0.125,0.29,LOW,"[""The activity occurred outside the home Region.""]"
evt-9946ede9-88d9-4e3f-86ae-fe54e0444eb8,2026-07-26T10:30:31Z,ml-engineer-01,DescribeTable,dynamodb,normal,0,,normal,False,0.097641,0.3576,0.12,0.2863,LOW,"[""The activity occurred outside the home Region.""]"
evt-f527512f-2fc3-44e4-8283-0e56e3d57318,2026-07-26T10:35:55Z,data-scientist-01,GetCallerIdentity,sts,normal,0,,normal,False,0.108017,0.3434,0.0125,0.2441,LOW,[]
evt-65462605-edee-49c0-813c-917625113829,2026-07-26T10:36:59Z,ml-engineer-03,ListBuckets,s3,normal,0,,normal,False,0.116917,0.3315,0.025,0.2395,LOW,[]
evt-a7b40d11-af9c-4506-b00b-82d40290e1e4,2026-07-26T10:37:21Z,data-scientist-02,ListBuckets,s3,normal,0,,suspicious,True,-0.062011,0.592,0.225,0.4819,MEDIUM,"[""The activity occurred outside the home Region."", ""The AWS API call failed.""]"
evt-a6ece952-a239-404e-ba67-ed3d1e9f9f2b,2026-07-26T11:01:40Z,data-scientist-03,DescribeInstances,ec2,normal,0,,normal,False,0.118749,0.329,0.025,0.2378,LOW,[]
evt-ffff6306-4db6-45b1-a14d-d11fd94389be,2026-07-26T11:04:16Z,developer-06,GetCallerIdentity,sts,normal,0,,normal,False,0.113044,0.3366,0.0125,0.2394,LOW,[]
evt-4cf6277e-59f1-4eb2-9896-7011c6f617ab,2026-07-26T11:12:59Z,ml-engineer-02,DescribeTable,dynamodb,normal,0,,normal,False,0.111765,0.3384,0.02,0.2429,LOW,[]
evt-a5e6c561-def4-419c-adef-deffab2ccc00,2026-07-26T11:17:58Z,developer-07,DescribeLogGroups,logs,normal,0,,normal,False,0.084821,0.3754,0.1125,0.2966,LOW,"[""The activity occurred outside the home Region.""]"
evt-ea0e2126-1966-4ddc-90dd-620ca6be1b8f,2026-07-26T11:37:35Z,developer-06,ListFunctions,lambda,normal,0,,normal,False,0.111765,0.3384,0.02,0.2429,LOW,[]
evt-6879fd72-6377-4ae0-b83b-d3ece1cfd411,2026-07-26T11:42:00Z,developer-06,DescribeInstances,ec2,normal,0,,suspicious,True,-0.060713,0.5901,0.025,0.4206,MEDIUM,[]
evt-23dbc9a0-593f-4dc3-8b08-a786fa39a161,2026-07-26T11:51:58Z,data-scientist-02,Query,dynamodb,normal,0,,normal,False,0.10554,0.3468,0.0375,0.254,LOW,[]
evt-0465bf69-7656-481a-85d3-5baf549e1f3f,2026-07-26T12:04:27Z,developer-05,ListFunctions,lambda,normal,0,,normal,False,0.12654,0.3188,0.02,0.2292,LOW,[]
evt-bb216513-1c40-41b7-a5eb-b2ef15d599da,2026-07-26T12:04:43Z,developer-05,Query,dynamodb,normal,0,,suspicious,True,-0.039815,0.5594,0.0375,0.4029,MEDIUM,[]
evt-129e1f0a-b1f7-4882-8ec5-f5e78fcb94da,2026-07-26T12:12:56Z,data-scientist-01,DescribeLogGroups,logs,normal,0,,normal,False,0.086785,0.3727,0.1125,0.2946,LOW,"[""The activity occurred outside the home Region.""]"
evt-f3c04d35-4c05-45b6-844b-6dc880ff2ef7,2026-07-26T12:14:57Z,ml-engineer-01,ListFunctions,lambda,normal,0,,normal,False,0.12654,0.3188,0.02,0.2292,LOW,[]
evt-c2610bb8-3eb6-4638-b823-5393dd13b51a,2026-07-26T12:15:47Z,developer-07,Query,dynamodb,normal,0,,normal,False,0.096359,0.3594,0.0375,0.2628,LOW,[]
evt-b88abf79-4ce4-4922-a2c9-79d126eb479f,2026-07-26T12:16:17Z,developer-01,DescribeLogGroups,logs,normal,0,,normal,False,0.086785,0.3727,0.1125,0.2946,LOW,"[""The activity occurred outside the home Region.""]"
evt-7541f28c-7de0-4538-a5c8-ca938ca345c5,2026-07-26T12:16:40Z,developer-03,ListBuckets,s3,normal,0,,normal,False,0.122395,0.3242,0.025,0.2345,LOW,[]
evt-506595fd-bb0d-4de2-8c7b-b1e46e4f7177,2026-07-26T12:19:43Z,developer-05,DescribeInstances,ec2,normal,0,,normal,False,0.044008,0.4344,0.025,0.3116,LOW,[]
evt-05720171-d159-4aea-b00c-b562950f9bbb,2026-07-26T12:21:18Z,data-scientist-01,GetCallerIdentity,sts,normal,0,,normal,False,0.0785,0.3844,0.1125,0.3028,LOW,"[""The activity occurred outside the home Region.""]"
evt-908aa42f-2c48-471e-a436-34d2c2ec215f,2026-07-26T12:32:00Z,ml-engineer-02,ListFunctions,lambda,normal,0,,normal,False,0.12654,0.3188,0.02,0.2292,LOW,[]
evt-7effd499-40c5-4cb8-b7d0-d32ad62a2664,2026-07-26T12:32:19Z,developer-06,GetObject,s3,normal,0,,normal,False,0.018695,0.472,0.1375,0.3716,LOW,"[""The activity occurred outside the home Region.""]"
evt-fccbfc23-c80b-4c3b-b685-d0872060e696,2026-07-26T12:38:06Z,data-scientist-02,DescribeInstances,ec2,normal,0,,normal,False,0.109707,0.3411,0.025,0.2463,LOW,[]
evt-8f4c3cf7-d1fa-4be4-a04b-445c7805f363,2026-07-26T12:38:10Z,data-scientist-02,PutObject,s3,normal,0,,suspicious,True,-0.100178,0.6459,0.15,0.4971,MEDIUM,"[""The activity occurred outside the home Region.""]"
evt-2b0f2836-e6b9-44ae-8146-272773a477c5,2026-07-26T12:43:28Z,data-scientist-01,Query,dynamodb,normal,0,,normal,False,0.03065,0.4542,0.0375,0.3292,LOW,[]
evt-85055dfc-c82d-4e3e-b3a9-16bb3474ccec,2026-07-26T12:46:56Z,developer-02,PutObject,s3,normal,0,,normal,False,0.049183,0.4268,0.05,0.3137,LOW,[]
evt-355d7d2a-6e97-45c2-b9df-9b5199c021fc,2026-07-26T12:51:41Z,developer-05,Query,dynamodb,normal,0,,suspicious,True,-0.018025,0.527,0.0375,0.3802,LOW,[]
evt-276bb08c-4c5a-4fa3-acf7-3faad9c53566,2026-07-26T12:54:45Z,developer-08,PutObject,s3,normal,0,,normal,False,0.049183,0.4268,0.05,0.3137,LOW,[]
evt-0d9aa82f-5757-4e2b-8cec-7667a56aacad,2026-07-26T12:59:53Z,ml-engineer-03,Query,dynamodb,normal,0,,normal,False,0.107266,0.3444,0.0375,0.2524,LOW,[]
evt-cc013962-9a4a-4010-918d-815e6023dfed,2026-07-26T13:07:08Z,ml-engineer-01,GetCallerIdentity,sts,normal,0,,normal,False,0.079502,0.383,0.1125,0.3018,LOW,"[""The activity occurred outside the home Region.""]"
evt-9f573a14-968d-4e95-954c-6475856f87e8,2026-07-26T13:12:05Z,data-scientist-03,ListBuckets,s3,normal,0,,normal,False,0.102087,0.3515,0.125,0.2835,LOW,"[""The activity occurred outside the home Region.""]"
evt-17bc9018-f87e-41b9-9a17-84f011fe83a7,2026-07-26T13:12:40Z,ml-engineer-03,GetSessionToken,sts,suspicious,1,credential-compromise,normal,False,0.026383,0.4605,0.7,0.5324,MEDIUM,"[""The event performed a sensitive operation."", ""The activity came from an external IP."", ""The activity occurred outside the home Region."", ""The AWS API action has a high security risk.""]"
evt-083a3563-ab08-4ca2-b012-7873897eccbc,2026-07-26T13:14:49Z,developer-02,DescribeInstances,ec2,normal,0,,normal,False,0.110838,0.3396,0.025,0.2452,LOW,[]
evt-2c68c262-6fdc-4536-a5b7-6a59558ba2d2,2026-07-26T13:21:15Z,developer-04,GetMetricData,cloudwatch,normal,0,,normal,False,0.086408,0.3732,0.1125,0.295,LOW,"[""The activity occurred outside the home Region.""]"
evt-aa8b6a17-03e3-48e7-bc17-2c4e6f3b8eb8,2026-07-26T13:27:07Z,developer-05,DescribeInstances,ec2,normal,0,,normal,False,0.094973,0.3613,0.125,0.2904,LOW,"[""The activity occurred outside the home Region.""]"
evt-e80f11f6-a999-404c-ac86-152fbd740121,2026-07-26T13:35:10Z,developer-08,PutObject,s3,normal,0,,normal,False,0.049404,0.4264,0.05,0.3135,LOW,[]
evt-3b29ed51-47cc-4757-8131-62e24ea22d7e,2026-07-26T13:43:29Z,data-scientist-01,GetObject,s3,normal,0,,normal,False,0.083192,0.3777,0.1375,0.3057,LOW,"[""The activity occurred outside the home Region.""]"
evt-094d427e-8b9f-4021-b73a-678469689ef4,2026-07-26T13:51:51Z,developer-05,ListFunctions,lambda,normal,0,,normal,False,0.093456,0.3634,0.12,0.2904,LOW,"[""The activity occurred outside the home Region.""]"
evt-efabe0a4-e524-41eb-b6e0-04bc392e708f,2026-07-26T13:52:37Z,developer-03,ListFunctions,lambda,normal,0,,normal,False,0.126945,0.3183,0.02,0.2288,LOW,[]
evt-8bc859a5-efef-44e8-94da-daebc99fb996,2026-07-26T14:01:08Z,developer-04,PutObject,s3,normal,0,,normal,False,0.047408,0.4294,0.05,0.3156,LOW,[]
evt-8b47a19a-0ff1-45e9-8506-41bc97a815ee,2026-07-26T14:01:47Z,data-scientist-03,DescribeTable,dynamodb,normal,0,,normal,False,0.112656,0.3372,0.02,0.242,LOW,[]
evt-97b17686-34ad-47bf-ac4a-f13d944ee9ab,2026-07-26T14:08:00Z,developer-05,Query,dynamodb,normal,0,,normal,False,0.021638,0.4676,0.1375,0.3686,LOW,"[""The activity occurred outside the home Region.""]"
evt-58c91d49-09ab-476d-8091-1fd1425c7e9b,2026-07-26T14:10:32Z,data-scientist-03,ListFunctions,lambda,normal,0,,normal,False,0.03399,0.4492,0.12,0.3504,LOW,"[""The activity occurred outside the home Region.""]"
evt-36aa17f1-175a-431d-9da3-d05a3d6dd5c8,2026-07-26T14:10:55Z,developer-03,GetMetricData,cloudwatch,normal,0,,normal,False,0.076165,0.3877,0.1125,0.3051,LOW,"[""The activity occurred outside the home Region.""]"
evt-fad7d4aa-58fd-4644-8d00-ae9fc45027b0,2026-07-26T14:13:34Z,ml-engineer-02,DescribeLogGroups,logs,normal,0,,normal,False,0.114508,0.3347,0.0125,0.238,LOW,[]
evt-5433b904-e6b2-4c97-85e0-4322073c8775,2026-07-26T14:26:15Z,developer-08,PutObject,s3,normal,0,,normal,False,0.025895,0.4612,0.15,0.3679,LOW,"[""The activity occurred outside the home Region.""]"
evt-a9cb1e01-db41-4419-ab28-c3c71b798900,2026-07-26T14:26:27Z,developer-02,Query,dynamodb,normal,0,,normal,False,0.103509,0.3495,0.0375,0.2559,LOW,[]
evt-ebcaef2a-ad36-4347-829f-facad529f09a,2026-07-26T14:37:05Z,developer-05,PutObject,s3,normal,0,,suspicious,True,-0.00492,0.5074,0.05,0.3702,LOW,[]
evt-3deae20e-002d-4a12-9979-08eecf2f24e3,2026-07-26T14:52:18Z,developer-02,DescribeInstances,ec2,normal,0,,normal,False,0.093653,0.3631,0.125,0.2917,LOW,"[""The activity occurred outside the home Region.""]"
evt-2eb5a078-0b78-4de5-b6e9-96a81a99b0c3,2026-07-26T14:59:07Z,ml-engineer-03,GetObject,s3,normal,0,,normal,False,0.082241,0.3791,0.1375,0.3066,LOW,"[""The activity occurred outside the home Region.""]"
evt-630fd275-9dd4-4800-b06a-b9764daa0328,2026-07-26T15:08:45Z,developer-06,PutBucketPolicy,s3,suspicious,1,public-exposure,normal,False,0.027006,0.4596,0.73,0.5407,MEDIUM,"[""The event performed a sensitive operation."", ""The activity came from an external IP."", ""The activity occurred outside the home Region."", ""The AWS API action has a high security risk.""]"
evt-4a905a24-99e7-4441-9d52-761ed195ae3c,2026-07-26T15:09:55Z,data-scientist-01,GetCallerIdentity,sts,normal,0,,normal,False,0.106042,0.3461,0.0125,0.246,LOW,[]
evt-416d0f9b-5f59-43af-8ad1-5ef3e568bb88,2026-07-26T15:26:10Z,developer-03,DescribeLogGroups,logs,normal,0,,normal,False,0.106042,0.3461,0.0125,0.246,LOW,[]
evt-656b1a85-2530-4ced-b04a-c066d35e5d1b,2026-07-26T15:26:16Z,ml-engineer-01,DescribeLogGroups,logs,normal,0,,normal,False,0.082686,0.3785,0.1125,0.2987,LOW,"[""The activity occurred outside the home Region.""]"
evt-073a9719-2271-411e-8d83-f869b9918870,2026-07-26T15:34:31Z,developer-06,DescribeInstances,ec2,normal,0,,normal,False,0.10463,0.348,0.025,0.2511,LOW,[]
evt-2af726e2-85db-4be7-999e-b8df462efa85,2026-07-26T15:39:00Z,developer-02,PutObject,s3,normal,0,,normal,False,0.040687,0.4393,0.05,0.3225,LOW,[]
evt-805693c4-b647-453d-8685-cfa498446797,2026-07-26T15:39:50Z,ml-engineer-01,DescribeInstances,ec2,normal,0,,normal,False,0.090846,0.367,0.125,0.2944,LOW,"[""The activity occurred outside the home Region.""]"
evt-932cb0c7-0b43-4922-bc7e-b2139f15d6ad,2026-07-26T15:47:14Z,developer-04,GetMetricData,cloudwatch,normal,0,,normal,False,0.106042,0.3461,0.0125,0.246,LOW,[]
evt-817c3012-a8b7-4e8b-94e7-5c88ef9b9d9c,2026-07-26T16:00:06Z,developer-08,ListBuckets,s3,normal,0,,normal,False,0.091911,0.3655,0.125,0.2934,LOW,"[""The activity occurred outside the home Region.""]"
evt-b6d6cc7a-dcb5-4985-baee-8852393b3dc3,2026-07-26T16:03:53Z,developer-07,ListFunctions,lambda,normal,0,,normal,False,0.093884,0.3628,0.12,0.2899,LOW,"[""The activity occurred outside the home Region.""]"
evt-ab89ae67-d711-48a7-8e15-df462f952356,2026-07-26T16:06:20Z,developer-04,PutObject,s3,normal,0,,normal,False,0.010359,0.4845,0.15,0.3841,LOW,"[""The activity occurred outside the home Region.""]"
evt-8915b1aa-243a-4ffb-857e-e852788da015,2026-07-26T16:10:10Z,developer-02,ListFunctions,lambda,normal,0,,normal,False,0.102145,0.3514,0.02,0.252,LOW,[]
evt-2fcd28c5-adf9-4c7c-b308-39ba2aa24c25,2026-07-26T16:19:13Z,developer-04,GetObject,s3,normal,0,,normal,False,0.007501,0.4887,0.1375,0.3834,LOW,"[""The activity occurred outside the home Region.""]"
evt-c8e513f1-e3bb-4be3-b7ad-86141532a1d9,2026-07-26T16:23:58Z,developer-02,ListBuckets,s3,normal,0,,normal,False,0.02792,0.4582,0.125,0.3583,LOW,"[""The activity occurred outside the home Region.""]"
evt-9dfe32b5-315f-4bb4-94b8-df1d42e263fd,2026-07-26T16:25:24Z,data-scientist-02,DescribeTable,dynamodb,normal,0,,normal,False,0.093884,0.3628,0.12,0.2899,LOW,"[""The activity occurred outside the home Region.""]"
evt-a9beb38e-b43a-4a11-b359-8e88890de04f,2026-07-26T16:36:02Z,data-scientist-02,ListFunctions,lambda,normal,0,,normal,False,0.102145,0.3514,0.02,0.252,LOW,[]
evt-9fea6cdd-c2de-4fcf-9afb-4d3461ab3fb7,2026-07-26T16:37:07Z,developer-03,ListFunctions,lambda,normal,0,,normal,False,0.11322,0.3364,0.02,0.2415,LOW,[]
evt-e956db65-6f09-4bf2-93d8-47969bd36b72,2026-07-26T16:42:20Z,developer-03,DescribeInstances,ec2,normal,0,,normal,False,0.081001,0.3808,0.125,0.3041,LOW,"[""The activity occurred outside the home Region.""]"
evt-60ce2e7c-760e-41f1-a356-cad864fd9439,2026-07-26T16:43:05Z,developer-08,ListFunctions,lambda,normal,0,,normal,False,0.102145,0.3514,0.02,0.252,LOW,[]
evt-59c57f08-0916-4d16-ba1f-30af97c703fb,2026-07-26T16:46:14Z,ml-engineer-01,PutObject,s3,normal,0,,normal,False,0.019425,0.4709,0.15,0.3746,LOW,"[""The activity occurred outside the home Region.""]"
evt-ace06f7d-ce17-400a-a733-1f1a8249aad5,2026-07-26T16:50:35Z,developer-08,ListFunctions,lambda,normal,0,,normal,False,0.039955,0.4404,0.02,0.3142,LOW,[]
evt-2db32652-5edd-4b67-b3a3-db133464eeae,2026-07-26T17:05:09Z,developer-03,DescribeTable,dynamodb,normal,0,,suspicious,True,-0.084172,0.6236,0.22,0.5025,MEDIUM,"[""The activity occurred outside the home Region."", ""The AWS API call failed.""]"
evt-10383d4e-35ac-4e04-b72d-114cdd614131,2026-07-26T17:19:15Z,ml-engineer-03,DescribeInstances,ec2,normal,0,,normal,False,0.07831,0.3847,0.125,0.3068,LOW,"[""The activity occurred outside the home Region.""]"
evt-d63b430d-7403-4cc0-8bf3-8c0f01ebee26,2026-07-26T17:26:00Z,developer-07,Query,dynamodb,normal,0,,normal,False,0.07714,0.3863,0.0375,0.2817,LOW,[]
evt-c710aff5-eb6f-4967-8dfc-81fff6a83655,2026-07-26T17:54:48Z,developer-05,PutObject,s3,normal,0,,normal,False,0.026773,0.4599,0.05,0.3369,LOW,[]
evt-27600f18-0ae6-4cd6-91be-1f7993d69e75,2026-07-26T17:55:50Z,developer-02,DescribeInstances,ec2,normal,0,,normal,False,0.07831,0.3847,0.125,0.3068,LOW,"[""The activity occurred outside the home Region.""]"
evt-5da34430-40dd-45dd-b3d5-8a4b7ee1ee01,2026-07-26T18:08:52Z,developer-08,DescribeLogGroups,logs,normal,0,,normal,False,0.07442,0.3902,0.0125,0.2769,LOW,[]
evt-e75b3b6e-3772-4d50-8da1-efa5cf031ddf,2026-07-26T18:09:28Z,developer-08,DescribeTable,dynamodb,normal,0,,suspicious,True,-0.042879,0.564,0.02,0.4008,MEDIUM,[]
evt-27c318ad-da89-4d20-a37e-810ddf10dbcd,2026-07-26T18:09:57Z,ml-engineer-02,ListFunctions,lambda,normal,0,,normal,False,0.084995,0.3752,0.02,0.2686,LOW,[]
evt-de516442-93ac-47b2-9518-0bdd3a96c4ff,2026-07-26T18:18:14Z,developer-05,GetObject,s3,normal,0,,normal,False,0.040125,0.4401,0.1375,0.3493,LOW,"[""The activity occurred outside the home Region.""]"
evt-ed9ea2f7-d408-400e-9c05-046ff807b9a6,2026-07-26T18:21:07Z,developer-05,DescribeTable,dynamodb,normal,0,,suspicious,True,-0.131342,0.6874,0.22,0.5472,MEDIUM,"[""The activity occurred outside the home Region."", ""The AWS API call failed.""]"
evt-221d0112-86a5-40ba-ac15-1a40043d3a96,2026-07-26T18:21:50Z,developer-01,Query,dynamodb,normal,0,,normal,False,0.063589,0.4058,0.0375,0.2953,LOW,[]
evt-fdc28c14-dab2-43f6-b8d8-7db1f7a30516,2026-07-26T18:25:20Z,developer-02,ListFunctions,lambda,normal,0,,normal,False,0.079233,0.3833,0.02,0.2743,LOW,[]
evt-3858f68e-8453-4602-a9da-a761129596c5,2026-07-26T18:26:23Z,developer-07,PutObject,s3,normal,0,,normal,False,0.000118,0.4998,0.15,0.3949,LOW,"[""The activity occurred outside the home Region.""]"
evt-3e45fb03-82a2-412d-be73-c17d212c5aa5,2026-07-26T18:29:01Z,developer-03,GetMetricData,cloudwatch,normal,0,,normal,False,0.051842,0.4229,0.1125,0.3298,LOW,"[""The activity occurred outside the home Region.""]"
evt-a4378d34-f730-4d7f-9e13-73542b68228c,2026-07-26T18:33:47Z,data-scientist-02,DescribeTable,dynamodb,normal,0,,normal,False,0.067736,0.3998,0.12,0.3158,LOW,"[""The activity occurred outside the home Region.""]"
evt-9d93754d-afe7-4f89-8b95-87058d997cc9,2026-07-26T18:36:23Z,developer-02,DescribeTable,dynamodb,normal,0,,normal,False,0.017563,0.4737,0.02,0.3376,LOW,[]
evt-fe1cc3fc-4e0a-4e26-9f5d-f27cfeeeb4a2,2026-07-26T18:41:10Z,developer-01,Query,dynamodb,normal,0,,normal,False,0.055438,0.4176,0.0375,0.3036,LOW,[]
evt-d42f6576-eae9-451a-a66e-a1319f0abd1e,2026-07-26T18:44:03Z,developer-02,DescribeTable,dynamodb,normal,0,,suspicious,True,-0.117558,0.6694,0.22,0.5346,MEDIUM,"[""The activity occurred outside the home Region."", ""The AWS API call failed.""]"
evt-2e335540-a9fd-4dc8-861e-a471c841b4dc,2026-07-26T18:45:39Z,developer-08,GetObject,s3,normal,0,,suspicious,True,-0.001723,0.5026,0.0375,0.3631,LOW,[]
evt-69ca911f-92de-4d0e-8f09-9096a8db41b2,2026-07-26T18:49:35Z,data-scientist-01,ListFunctions,lambda,normal,0,,normal,False,0.067736,0.3998,0.12,0.3158,LOW,"[""The activity occurred outside the home Region.""]"
evt-42cd6bed-c7d2-427f-a763-b0f089fa2d7b,2026-07-26T18:57:21Z,ml-engineer-03,DescribeTable,dynamodb,normal,0,,normal,False,0.084995,0.3752,0.02,0.2686,LOW,[]
evt-017faf80-706c-4e45-b8d2-f7d326153e34,2026-07-26T18:57:32Z,developer-06,DescribeTable,dynamodb,normal,0,,normal,False,0.084995,0.3752,0.02,0.2686,LOW,[]
evt-7d458e1e-1b5b-4d80-92b5-5ed8c94d157a,2026-07-26T18:57:56Z,developer-04,GetObject,s3,normal,0,,normal,False,0.063589,0.4058,0.0375,0.2953,LOW,[]
evt-02b93904-44a7-47c4-b426-bedee0e2b532,2026-07-26T18:59:56Z,ml-engineer-02,Query,dynamodb,normal,0,,normal,False,0.040125,0.4401,0.1375,0.3493,LOW,"[""The activity occurred outside the home Region.""]"
evt-c468f032-6e05-4e32-b1ef-311234d0c066,2026-07-26T20:09:39Z,ml-engineer-01,DescribeInstances,ec2,normal,0,,normal,False,0.050592,0.4247,0.025,0.3048,LOW,[]
evt-ed49cc69-e053-4fa0-a11e-5a63b87319a0,2026-07-26T20:54:01Z,ml-engineer-03,PutBucketPolicy,s3,suspicious,1,public-exposure,suspicious,True,-0.025203,0.5377,0.73,0.5954,MEDIUM,"[""The event performed a sensitive operation."", ""The activity came from an external IP."", ""The activity occurred outside the home Region."", ""The AWS API action has a high security risk.""]"
evt-24c70fa5-33ef-4358-bd45-a7712588cd39,2026-07-26T21:10:56Z,developer-04,ListBuckets,s3,normal,0,,normal,False,0.028523,0.4573,0.125,0.3576,LOW,"[""The activity occurred outside the home Region.""]"
evt-fad906a8-8587-42ea-8439-ae9dafe0e871,2026-07-26T22:03:15Z,ml-engineer-03,AttachUserPolicy,iam,suspicious,1,privilege-escalation,suspicious,True,-0.116257,0.6676,0.895,0.7359,HIGH,"[""The event performed a sensitive operation."", ""The event happened at an unusual time."", ""The activity came from an external IP."", ""The activity occurred outside the home Region."", ""The AWS API action has a high security risk.""]"
evt-02aa48ea-f0dc-4eff-827c-935ffc87449b,2026-07-26T22:17:07Z,developer-02,DescribeTable,dynamodb,normal,0,,suspicious,True,-0.069381,0.6026,0.17,0.4728,MEDIUM,"[""The event happened at an unusual time.""]"
evt-09c9254b-87c8-4396-99df-d5451d7196a4,2026-07-26T23:30:57Z,ml-engineer-03,AuthorizeSecurityGroupIngress,ec2,suspicious,1,public-exposure,suspicious,True,-0.119739,0.6723,0.875,0.7331,HIGH,"[""The event performed a sensitive operation."", ""The event happened at an unusual time."", ""The activity came from an external IP."", ""The activity occurred outside the home Region."", ""The AWS API action has a high security risk.""]"
evt-f4ea7955-2d49-4b4f-bb35-787efc02a92b,2026-07-26T23:36:48Z,developer-06,UpdateAssumeRolePolicy,iam,suspicious,1,privilege-escalation,suspicious,True,-0.119739,0.6723,0.88,0.7346,HIGH,"[""The event performed a sensitive operation."", ""The event happened at an unusual time."", ""The activity came from an external IP."", ""The activity occurred outside the home Region."", ""The AWS API action has a high security risk.""]"
evt-01715380-0fb3-4c69-bc8d-c68c887f0a24,2026-07-27T00:00:11Z,developer-06,DescribeLogGroups,logs,normal,0,,suspicious,True,-0.118437,0.6705,0.1625,0.5181,MEDIUM,"[""The event happened at an unusual time.""]"
evt-f4711b9a-a098-47c2-a814-fc37dfd43b8e,2026-07-27T01:31:49Z,developer-07,PutObject,s3,normal,0,,suspicious,True,-0.103228,0.6501,0.3,0.5451,MEDIUM,"[""The event happened at an unusual time."", ""The activity occurred outside the home Region.""]"
evt-a4bf8e16-f3af-4cc2-b289-840c047bf3d8,2026-07-27T02:30:55Z,ml-engineer-01,SelectObjectContent,s3,suspicious,1,data-exfiltration,suspicious,True,-0.097577,0.6423,0.87,0.7106,HIGH,"[""The event performed a sensitive operation."", ""The event happened at an unusual time."", ""The activity came from an external IP."", ""The activity occurred outside the home Region."", ""The AWS API action has a high security risk.""]"
evt-7873ba2b-583e-496e-860c-cc0ee61a4461,2026-07-27T02:38:11Z,developer-08,UpdateAssumeRolePolicy,iam,suspicious,1,privilege-escalation,suspicious,True,-0.097577,0.6423,0.88,0.7136,HIGH,"[""The event performed a sensitive operation."", ""The event happened at an unusual time."", ""The activity came from an external IP."", ""The activity occurred outside the home Region."", ""The AWS API action has a high security risk.""]"
evt-d002590a-7bd2-4141-b821-b28d1c710423,2026-07-27T04:21:03Z,developer-02,ListUsers,iam,suspicious,1,reconnaissance,suspicious,True,-0.085554,0.6256,0.825,0.6854,MEDIUM,"[""The event performed a sensitive operation."", ""The event happened at an unusual time."", ""The activity came from an external IP."", ""The activity occurred outside the home Region."", ""The AWS API action has a high security risk.""]"
evt-75cb9ad7-4b5a-4f3a-b38d-ffce5e43c5c7,2026-07-27T05:56:45Z,data-scientist-03,UpdateAssumeRolePolicy,iam,suspicious,1,privilege-escalation,suspicious,True,-0.082794,0.6217,0.88,0.6992,MEDIUM,"[""The event performed a sensitive operation."", ""The event happened at an unusual time."", ""The activity came from an external IP."", ""The activity occurred outside the home Region."", ""The AWS API action has a high security risk.""]"
evt-4c9d9c02-d690-49d5-aa4a-72d9c9593c81,2026-07-27T07:09:08Z,developer-04,GetObject,s3,normal,0,,normal,False,0.095777,0.3602,0.1375,0.2934,LOW,"[""The activity occurred outside the home Region.""]"
evt-6006737d-db95-4a83-8706-703a1ea19e71,2026-07-27T07:26:17Z,ml-engineer-01,ListBuckets,s3,normal,0,,normal,False,0.130485,0.3137,0.025,0.2271,LOW,[]
evt-fc89231c-7f55-4ca8-9e23-56948060f3f4,2026-07-27T08:01:37Z,developer-02,DescribeInstances,ec2,normal,0,,normal,False,0.141061,0.3002,0.025,0.2176,LOW,[]
evt-61b4a740-5a9e-40b6-b002-214cf7f33720,2026-07-27T08:21:04Z,developer-07,PutObject,s3,normal,0,,normal,False,0.052172,0.4224,0.15,0.3407,LOW,"[""The activity occurred outside the home Region.""]"
evt-408e52e5-8fbc-46b3-94ec-f7496b7b4374,2026-07-27T08:31:37Z,developer-04,GetMetricData,cloudwatch,normal,0,,normal,False,0.116535,0.332,0.1125,0.2661,LOW,"[""The activity occurred outside the home Region.""]"
evt-8981a8a8-850d-4344-9786-8be75a5b2ba8,2026-07-27T08:33:53Z,developer-01,GetMetricData,cloudwatch,normal,0,,normal,False,0.133507,0.3098,0.0125,0.2206,LOW,[]
evt-777ecc41-345b-4196-8971-eadd9889098d,2026-07-27T08:38:14Z,developer-04,ListBuckets,s3,normal,0,,normal,False,0.126414,0.319,0.025,0.2308,LOW,[]
evt-ea0d888b-b854-49ab-819d-19a9c4d69c0a,2026-07-27T08:39:49Z,data-scientist-03,ListFunctions,lambda,normal,0,,normal,False,0.125859,0.3197,0.12,0.2598,LOW,"[""The activity occurred outside the home Region.""]"
evt-27992a8b-3c5d-41f8-a223-6d61b2017d8c,2026-07-27T08:55:22Z,data-scientist-01,GetMetricData,cloudwatch,normal,0,,normal,False,0.133507,0.3098,0.0125,0.2206,LOW,[]
evt-795e32a0-263d-4079-8d36-19885f75df77,2026-07-27T08:56:30Z,developer-01,ListBuckets,s3,normal,0,,normal,False,0.126414,0.319,0.025,0.2308,LOW,[]
evt-2879b7b8-57d6-416f-9ff9-3d9c5313393f,2026-07-27T09:00:46Z,developer-01,DescribeInstances,ec2,normal,0,,suspicious,True,-0.031507,0.5471,0.025,0.3905,LOW,[]
evt-37add319-cbf6-4dc4-9da4-130873853254,2026-07-27T09:05:30Z,data-scientist-03,Query,dynamodb,normal,0,,normal,False,0.109157,0.3419,0.1375,0.2806,LOW,"[""The activity occurred outside the home Region.""]"
evt-1404b3c5-4bbd-4764-b3fc-4f8293dde661,2026-07-27T09:14:03Z,ml-engineer-02,PutBucketPolicy,s3,suspicious,1,public-exposure,normal,False,0.062379,0.4075,0.73,0.5043,MEDIUM,"[""The event performed a sensitive operation."", ""The activity came from an external IP."", ""The activity occurred outside the home Region."", ""The AWS API action has a high security risk.""]"
evt-526d55be-a93a-48d2-9a4e-c371eec62258,2026-07-27T09:14:55Z,ml-engineer-01,Query,dynamodb,normal,0,,normal,False,0.137602,0.3046,0.0375,0.2245,LOW,[]
evt-98a9bddc-34eb-4c56-b2ca-b3302bf15f20,2026-07-27T09:23:15Z,ml-engineer-01,ListBuckets,s3,normal,0,,normal,False,0.125072,0.3207,0.125,0.262,LOW,"[""The activity occurred outside the home Region.""]"
evt-eecfeba9-fb7b-4945-b885-eab89c7bddec,2026-07-27T09:39:12Z,developer-01,PutObject,s3,normal,0,,normal,False,0.004947,0.4926,0.15,0.3898,LOW,"[""The activity occurred outside the home Region.""]"
evt-a28d334e-a5ad-4139-ac76-fa68fe3edd54,2026-07-27T09:48:58Z,developer-04,PutPublicAccessBlock,s3,suspicious,1,public-exposure,normal,False,0.062379,0.4075,0.72,0.5013,MEDIUM,"[""The event performed a sensitive operation."", ""The activity came from an external IP."", ""The activity occurred outside the home Region."", ""The AWS API action has a high security risk.""]"
evt-f1259e70-40a2-4d90-a54b-fad26890a897,2026-07-27T10:01:33Z,developer-04,Query,dynamodb,normal,0,,normal,False,0.132709,0.3108,0.0375,0.2288,LOW,[]
evt-ba4fd4cb-2bc9-42d7-a80d-5ac3def5582d,2026-07-27T10:02:22Z,developer-02,ListFunctions,lambda,normal,0,,normal,False,0.148122,0.2914,0.12,0.24,LOW,"[""The activity occurred outside the home Region.""]"
evt-4b4d1066-8394-4290-a2ac-36711bc80b97,2026-07-27T10:03:27Z,data-scientist-02,DescribeTable,dynamodb,normal,0,,normal,False,0.159246,0.2778,0.02,0.2004,LOW,[]
evt-4f8c41db-799d-4766-9082-3309fc75e521,2026-07-27T10:08:27Z,developer-03,DescribeTable,dynamodb,normal,0,,suspicious,True,-0.026093,0.5391,0.12,0.4133,MEDIUM,"[""The AWS API call failed.""]"
evt-4fef92a9-d6cc-4fd0-8ac8-38050061151f,2026-07-27T10:09:21Z,ml-engineer-02,Query,dynamodb,normal,0,,normal,False,0.118671,0.3292,0.1375,0.2717,LOW,"[""The activity occurred outside the home Region.""]"
evt-b8bfc7c7-00b3-4d8d-b8dd-afe854a5598d,2026-07-27T10:26:20Z,developer-08,Query,dynamodb,normal,0,,normal,False,0.145703,0.2944,0.0375,0.2173,LOW,[]
evt-b0c73f23-f4ec-4220-9b0f-2a27b697493c,2026-07-27T10:35:44Z,developer-06,GetObject,s3,normal,0,,normal,False,0.145703,0.2944,0.0375,0.2173,LOW,[]
evt-d8c079ab-b977-4750-964a-9dfa079a1a8e,2026-07-27T10:47:38Z,developer-06,DescribeInstances,ec2,normal,0,,normal,False,0.150186,0.2888,0.025,0.2097,LOW,[]
evt-332cfbd7-d234-48b8-9c80-72eb357bc20a,2026-07-27T10:49:17Z,ml-engineer-01,DescribeInstances,ec2,normal,0,,normal,False,0.159671,0.2773,0.025,0.2016,LOW,[]
evt-afb16e2d-287f-466e-be1e-c7e17829d518,2026-07-27T10:51:49Z,data-scientist-01,DescribeInstances,ec2,normal,0,,normal,False,0.159671,0.2773,0.025,0.2016,LOW,[]
evt-3856be0d-f6be-4eb9-8677-63411b21dbfe,2026-07-27T11:12:21Z,developer-06,DescribeTable,dynamodb,normal,0,,normal,False,0.076523,0.3872,0.12,0.307,LOW,"[""The activity occurred outside the home Region.""]"
evt-76791c28-4a24-4405-ae9e-1194799a53d3,2026-07-27T11:14:06Z,ml-engineer-01,DescribeTable,dynamodb,normal,0,,normal,False,0.153475,0.2848,0.02,0.2053,LOW,[]
evt-34c6aaff-04fd-49a5-b933-769fbcaeef3b,2026-07-27T11:17:00Z,developer-02,DescribeLogGroups,logs,normal,0,,normal,False,0.136794,0.3056,0.1125,0.2477,LOW,"[""The activity occurred outside the home Region.""]"
evt-47ae4610-b3f2-4212-87e3-6f79c55f4ff1,2026-07-27T11:17:03Z,developer-04,GetCallerIdentity,sts,normal,0,,normal,False,0.15802,0.2793,0.0125,0.1992,LOW,[]
evt-d77d8a36-ebd7-4a1b-b894-73d7b5d394b7,2026-07-27T11:29:11Z,data-scientist-01,Query,dynamodb,normal,0,,normal,False,0.136416,0.3061,0.0375,0.2255,LOW,[]
evt-855e6cac-8103-4352-958d-573f903a9062,2026-07-27T11:31:59Z,developer-07,ListBuckets,s3,normal,0,,normal,False,0.147912,0.2916,0.125,0.2416,LOW,"[""The activity occurred outside the home Region.""]"
evt-f078adb6-26d5-4bb1-8bac-8c31d546cae2,2026-07-27T11:32:36Z,developer-02,DescribeTable,dynamodb,normal,0,,normal,False,0.153475,0.2848,0.02,0.2053,LOW,[]
evt-4273c341-8a73-4e58-a012-cd9047055e34,2026-07-27T11:35:49Z,data-scientist-03,GetMetricData,cloudwatch,normal,0,,normal,False,0.136794,0.3056,0.1125,0.2477,LOW,"[""The activity occurred outside the home Region.""]"
evt-1d88dad4-20e1-4e52-ad43-c61180559c43,2026-07-27T11:42:30Z,data-scientist-01,DescribeInstances,ec2,normal,0,,normal,False,0.078609,0.3842,0.125,0.3065,LOW,"[""The activity occurred outside the home Region.""]"
evt-f5382131-1be5-4cc2-8593-34addc794282,2026-07-27T11:48:40Z,developer-01,ListFunctions,lambda,normal,0,,suspicious,True,-0.035242,0.5527,0.22,0.4529,MEDIUM,"[""The activity occurred outside the home Region."", ""The AWS API call failed.""]"
evt-b4e80301-1f12-409f-af67-98c32428c480,2026-07-27T11:51:03Z,ml-engineer-02,PutObject,s3,normal,0,,normal,False,0.087106,0.3722,0.05,0.2756,LOW,[]
evt-649dc1a8-e705-43b1-b4d8-d4b7727a9652,2026-07-27T11:58:35Z,developer-01,GetMetricData,cloudwatch,normal,0,,normal,False,0.131302,0.3126,0.1125,0.2526,LOW,"[""The activity occurred outside the home Region.""]"
evt-f433a6e7-59be-4b21-8f00-e77272243e54,2026-07-27T12:04:44Z,ml-engineer-02,DescribeLogGroups,logs,normal,0,,normal,False,0.154085,0.284,0.0125,0.2026,LOW,[]
evt-8ac4882e-6743-4aca-a42c-b16df38e9c85,2026-07-27T12:14:00Z,developer-04,GetCallerIdentity,sts,normal,0,,normal,False,0.154085,0.284,0.0125,0.2026,LOW,[]
evt-ab2a8ec5-7c5f-4d81-8d9a-af24e0a54e6c,2026-07-27T12:25:34Z,developer-06,PutObject,s3,normal,0,,normal,False,0.088916,0.3697,0.05,0.2738,LOW,[]
evt-825fddcd-a497-42cc-b377-6fd4166452eb,2026-07-27T12:36:39Z,data-scientist-02,ListBuckets,s3,normal,0,,normal,False,0.166479,0.2692,0.025,0.1959,LOW,[]
evt-c949e11e-8ffe-49c4-a3bb-ee8efe19bd44,2026-07-27T12:42:37Z,developer-08,GetCallerIdentity,sts,normal,0,,normal,False,0.162639,0.2737,0.0125,0.1954,LOW,[]
evt-db676393-ab1b-4d3b-bc3f-c0451af019a2,2026-07-27T13:01:23Z,data-scientist-02,GetCallerIdentity,sts,normal,0,,normal,False,0.138266,0.3037,0.1125,0.2464,LOW,"[""The activity occurred outside the home Region.""]"
evt-de47e160-62c4-4960-b658-79d2598cf6f3,2026-07-27T13:07:01Z,developer-03,DescribeInstances,ec2,normal,0,,normal,False,0.165146,0.2707,0.025,0.197,LOW,[]
evt-fceeb70f-5089-4ebe-9740-8c9e1bfb9730,2026-07-27T13:08:02Z,developer-06,GetObject,s3,normal,0,,normal,False,0.12783,0.3171,0.1375,0.2632,LOW,"[""The activity occurred outside the home Region.""]"
evt-c95ec637-c59a-4bb4-9d5d-ffbc5386a06e,2026-07-27T13:09:24Z,developer-08,PutObject,s3,normal,0,,normal,False,0.067855,0.3996,0.15,0.3247,LOW,"[""The activity occurred outside the home Region.""]"
evt-f7383f81-e1a3-4576-88e5-dd7b57147b34,2026-07-27T13:15:19Z,ml-engineer-01,ListBuckets,s3,normal,0,,normal,False,0.153268,0.285,0.125,0.237,LOW,"[""The activity occurred outside the home Region.""]"
evt-ed6c7823-a05c-4a7c-893b-7b0d2f00233a,2026-07-27T13:17:25Z,developer-05,PutObject,s3,normal,0,,normal,False,0.075227,0.389,0.15,0.3173,LOW,"[""The activity occurred outside the home Region.""]"
evt-da8b2f41-e8fb-4537-af12-e4611eaf3e3d,2026-07-27T13:21:32Z,data-scientist-03,PutObject,s3,normal,0,,normal,False,0.090189,0.3679,0.05,0.2725,LOW,[]
evt-991ce38c-afc4-49b1-a076-86e69f8ba172,2026-07-27T13:24:18Z,developer-08,DescribeTable,dynamodb,normal,0,,normal,False,0.092575,0.3646,0.02,0.2612,LOW,[]
evt-99df200b-d791-40f1-a296-5fda003c0e93,2026-07-27T13:29:44Z,data-scientist-02,GetMetricData,cloudwatch,normal,0,,normal,False,0.084952,0.3753,0.0125,0.2664,LOW,[]
evt-3decd136-b417-4908-bec0-08d4ec903a54,2026-07-27T13:30:29Z,developer-06,PutObject,s3,normal,0,,normal,False,0.082514,0.3787,0.05,0.2801,LOW,[]
evt-425aab25-f41a-47cc-b031-0f1e647512d1,2026-07-27T13:31:41Z,ml-engineer-03,Query,dynamodb,normal,0,,normal,False,0.150067,0.289,0.0375,0.2135,LOW,[]
evt-1433dd9b-6e74-4a23-8ae9-13f2c26a08ae,2026-07-27T13:32:45Z,developer-08,GetMetricData,cloudwatch,normal,0,,normal,False,0.015053,0.4774,0.0125,0.338,LOW,[]
evt-88d7dc3d-5e38-4e0b-9cda-d2d5e9f62b11,2026-07-27T13:33:32Z,developer-05,PutObject,s3,normal,0,,normal,False,0.082514,0.3787,0.05,0.2801,LOW,[]
evt-56e1e49c-1b34-40ce-b255-8c954c7361c3,2026-07-27T13:33:38Z,data-scientist-02,DescribeInstances,ec2,normal,0,,suspicious,True,-0.073095,0.6079,0.025,0.433,MEDIUM,[]
evt-6c6fa95c-3dce-4578-83bd-d24cb56433ed,2026-07-27T13:36:50Z,developer-06,GetCallerIdentity,sts,normal,0,,normal,False,0.154054,0.2841,0.0125,0.2026,LOW,[]
evt-610aada9-4460-445b-94da-524986983f9a,2026-07-27T13:43:44Z,developer-03,Query,dynamodb,normal,0,,normal,False,0.138369,0.3036,0.0375,0.2238,LOW,[]
evt-f538ea7a-d4ca-49dc-ab59-b99508eb42b8,2026-07-27T13:44:18Z,developer-04,Query,dynamodb,normal,0,,normal,False,0.150067,0.289,0.0375,0.2135,LOW,[]
evt-26e48124-900e-4dd9-9447-99033178c1fd,2026-07-27T13:57:56Z,data-scientist-01,DescribeInstances,ec2,normal,0,,normal,False,0.153268,0.285,0.125,0.237,LOW,"[""The activity occurred outside the home Region.""]"
evt-09269006-e2be-47c6-a5fa-8dad79dc63f6,2026-07-27T14:05:40Z,ml-engineer-01,DescribeTable,dynamodb,normal,0,,normal,False,0.145806,0.2942,0.12,0.242,LOW,"[""The activity occurred outside the home Region.""]"
evt-7396e134-660a-40b2-8587-6526f1c83f10,2026-07-27T14:08:16Z,data-scientist-03,GetObject,s3,normal,0,,normal,False,0.12965,0.3148,0.1375,0.2616,LOW,"[""The activity occurred outside the home Region.""]"
evt-2deb209f-698c-4295-8da9-a9018d0fe775,2026-07-27T14:12:06Z,developer-02,DescribeInstances,ec2,normal,0,,normal,False,0.152469,0.286,0.125,0.2377,LOW,"[""The activity occurred outside the home Region.""]"
evt-a7063ec9-8f04-4677-92e8-f12320d928d8,2026-07-27T14:28:01Z,developer-07,DescribeLogGroups,logs,normal,0,,normal,False,0.143378,0.2973,0.1125,0.2418,LOW,"[""The activity occurred outside the home Region.""]"
evt-c56983c1-f761-4512-a1cc-4e25eb86c205,2026-07-27T14:35:26Z,developer-06,PutObject,s3,normal,0,,normal,False,0.08544,0.3746,0.05,0.2772,LOW,[]
evt-7787a517-bdb8-4dcc-987b-af2393d1e07d,2026-07-27T14:40:36Z,developer-04,DescribeTable,dynamodb,normal,0,,normal,False,0.160606,0.2762,0.02,0.1993,LOW,[]
evt-045a6f87-d3e5-431c-9385-be9989d4850b,2026-07-27T14:44:11Z,developer-08,Query,dynamodb,normal,0,,normal,False,0.132958,0.3105,0.1375,0.2586,LOW,"[""The activity occurred outside the home Region.""]"
evt-09345bbf-d744-49cb-931c-97d0b5589534,2026-07-27T15:00:07Z,developer-02,PutObject,s3,normal,0,,normal,False,0.082523,0.3787,0.05,0.2801,LOW,[]
evt-ee2f515c-3ade-40a7-aba4-f8807f9254cb,2026-07-27T15:03:59Z,ml-engineer-02,GetCallerIdentity,sts,normal,0,,normal,False,0.163367,0.2729,0.0125,0.1947,LOW,[]
evt-d217c33f-e410-42db-b374-89e48587c8aa,2026-07-27T15:05:16Z,developer-07,DescribeTable,dynamodb,normal,0,,normal,False,0.158466,0.2787,0.02,0.2011,LOW,[]
evt-dcb25af0-13ff-48e9-97bc-1fda455a5487,2026-07-27T15:13:19Z,developer-07,GetObject,s3,normal,0,,normal,False,0.078527,0.3843,0.0375,0.2803,LOW,[]
evt-502316b0-71f2-4ac6-99d4-1a469644eea5,2026-07-27T15:18:02Z,data-scientist-02,DescribeLogGroups,logs,normal,0,,normal,False,0.163367,0.2729,0.0125,0.1947,LOW,[]
evt-3626c69b-55aa-4805-9dad-39f6ce86b201,2026-07-27T15:19:38Z,developer-06,DescribeTable,dynamodb,normal,0,,normal,False,0.158466,0.2787,0.02,0.2011,LOW,[]
evt-6a246129-8856-4ff3-b764-03c48a15011b,2026-07-27T15:19:38Z,ml-engineer-03,GetCallerIdentity,sts,normal,0,,normal,False,0.163367,0.2729,0.0125,0.1947,LOW,[]
evt-5d255975-c871-4a78-9a90-fbed53b17ed1,2026-07-27T15:44:52Z,developer-02,Query,dynamodb,normal,0,,normal,False,0.136386,0.3061,0.0375,0.2255,LOW,[]
evt-5a19630b-70eb-4b6c-a0a5-d7c155cddee2,2026-07-27T15:50:27Z,data-scientist-02,Query,dynamodb,normal,0,,normal,False,0.123436,0.3229,0.1375,0.2673,LOW,"[""The activity occurred outside the home Region.""]"
evt-f394315b-d740-426a-9b16-b31884ad3d93,2026-07-27T15:54:05Z,developer-06,DescribeLogGroups,logs,normal,0,,normal,False,0.153532,0.2847,0.0125,0.2031,LOW,[]
evt-e6d637e6-9685-47b8-b668-0377d6b8d4d8,2026-07-27T15:58:28Z,developer-05,DescribeInstances,ec2,normal,0,,normal,False,0.149584,0.2896,0.125,0.2402,LOW,"[""The activity occurred outside the home Region.""]"
evt-8bb13e3f-452b-4d7c-a8e8-51ff7ecbfc7f,2026-07-27T15:59:39Z,developer-01,PutObject,s3,normal,0,,normal,False,0.090139,0.368,0.05,0.2726,LOW,[]
evt-bdbf49fd-fb0a-4167-915c-f5123811354e,2026-07-27T16:02:08Z,developer-08,Query,dynamodb,normal,0,,normal,False,0.145303,0.2949,0.0375,0.2177,LOW,[]
evt-dc6bc344-6f02-4270-8adb-e01e6ce08a19,2026-07-27T16:12:40Z,developer-04,DescribeLogGroups,logs,normal,0,,normal,False,0.13352,0.3098,0.1125,0.2506,LOW,"[""The activity occurred outside the home Region.""]"
evt-9386540d-4b69-4d1a-81b4-e8be63362e9c,2026-07-27T16:13:42Z,data-scientist-03,ListFunctions,lambda,normal,0,,normal,False,0.160443,0.2763,0.02,0.1994,LOW,[]
evt-d88da7cb-a6b0-4625-9005-c44c2112d03b,2026-07-27T16:17:11Z,developer-05,GetMetricData,cloudwatch,normal,0,,normal,False,0.145848,0.2942,0.0125,0.2097,LOW,[]
evt-108cca40-b716-4f0a-87ac-94f690b91a57,2026-07-27T16:17:47Z,developer-06,Query,dynamodb,normal,0,,normal,False,0.071771,0.394,0.0375,0.287,LOW,[]
evt-ac51efbf-1e69-448b-95ea-aa77f6970cf9,2026-07-27T16:23:08Z,ml-engineer-02,GetMetricData,cloudwatch,normal,0,,normal,False,0.13352,0.3098,0.1125,0.2506,LOW,"[""The activity occurred outside the home Region.""]"
evt-093c8d7e-1bc9-46cc-bcdc-16ac603d672e,2026-07-27T16:55:04Z,developer-06,DescribeLogGroups,logs,normal,0,,normal,False,0.145848,0.2942,0.0125,0.2097,LOW,[]
evt-ae13548c-1682-4692-9779-28f8b47de2b5,2026-07-27T16:55:23Z,developer-02,PutObject,s3,normal,0,,normal,False,0.085867,0.374,0.05,0.2768,LOW,[]
evt-be362aa0-9345-406d-adb8-51a34c8bb6b8,2026-07-27T16:56:34Z,ml-engineer-02,GetObject,s3,normal,0,,normal,False,0.113745,0.3357,0.1375,0.2762,LOW,"[""The activity occurred outside the home Region.""]"
evt-f127134e-ca94-43f1-bb03-8c5f7a8cd67f,2026-07-27T17:05:26Z,ml-engineer-03,ListBuckets,s3,normal,0,,normal,False,0.153954,0.2842,0.025,0.2064,LOW,[]
evt-5527e873-a446-4ad8-bf98-b010a22565fd,2026-07-27T17:05:46Z,data-scientist-03,ListBuckets,s3,normal,0,,normal,False,0.124021,0.3221,0.125,0.263,LOW,"[""The activity occurred outside the home Region.""]"
evt-516ba1ba-dda5-4a8c-b084-f9d03810ffe7,2026-07-27T17:15:29Z,developer-06,Query,dynamodb,normal,0,,normal,False,0.052942,0.4212,0.1375,0.3361,LOW,"[""The activity occurred outside the home Region.""]"
evt-26c018d7-33d4-48be-ab53-ce1a1df0913a,2026-07-27T17:15:39Z,developer-05,DescribeInstances,ec2,normal,0,,normal,False,0.146672,0.2932,0.025,0.2127,LOW,[]
evt-966c37e4-32c6-4f01-a0c4-a76df94da0f0,2026-07-27T17:21:49Z,data-scientist-02,PutObject,s3,normal,0,,normal,False,0.077145,0.3863,0.05,0.2854,LOW,[]
evt-3e24e452-5de4-4758-8763-29cb11ed5307,2026-07-27T17:24:16Z,data-scientist-02,GetMetricData,cloudwatch,normal,0,,suspicious,True,-0.016266,0.5244,0.1125,0.4008,MEDIUM,"[""The activity occurred outside the home Region.""]"
evt-ab2d9ac1-ed46-424a-9bc9-a61f19bd76ed,2026-07-27T17:38:17Z,data-scientist-01,ListFunctions,lambda,normal,0,,normal,False,0.134498,0.3085,0.12,0.252,LOW,"[""The activity occurred outside the home Region.""]"
evt-a29a3f76-3ceb-46ae-b850-b022f0b3883f,2026-07-27T17:43:19Z,data-scientist-03,PutObject,s3,normal,0,,normal,False,0.072149,0.3934,0.05,0.2904,LOW,[]
evt-c8d53729-af1e-436d-9e63-36bd8becb294,2026-07-27T17:51:40Z,ml-engineer-02,GetCallerIdentity,sts,normal,0,,normal,False,0.111248,0.3391,0.1125,0.2711,LOW,"[""The activity occurred outside the home Region.""]"
evt-18babbda-2297-4a24-aadf-3354ed739691,2026-07-27T17:58:31Z,data-scientist-01,DescribeTable,dynamodb,normal,0,,normal,False,0.14499,0.2953,0.02,0.2127,LOW,[]
evt-070b75e5-3774-47c3-ac94-4cdc0421b59d,2026-07-27T18:01:38Z,developer-04,ListBuckets,s3,normal,0,,normal,False,0.117152,0.3312,0.125,0.2693,LOW,"[""The activity occurred outside the home Region.""]"
evt-5fef51d7-7205-4cdb-b287-3e82c7cb5475,2026-07-27T18:18:45Z,ml-engineer-02,PutObject,s3,normal,0,,normal,False,0.061474,0.4088,0.05,0.3012,LOW,[]
evt-7834b99e-0238-477d-b6f5-4f4571e6fb5e,2026-07-27T18:19:59Z,data-scientist-02,GetCallerIdentity,sts,normal,0,,normal,False,0.052317,0.4222,0.0125,0.2993,LOW,[]
evt-5d3cb4d8-27e2-4124-a2fe-3766084f22c3,2026-07-27T18:32:55Z,ml-engineer-02,DescribeTable,dynamodb,normal,0,,normal,False,0.063116,0.4064,0.02,0.2905,LOW,[]
evt-fa2c2981-3558-48de-a0d1-96b4b21b677d,2026-07-27T18:40:07Z,data-scientist-02,DescribeTable,dynamodb,normal,0,,normal,False,0.134839,0.3081,0.02,0.2217,LOW,[]
evt-4d330a19-8b04-4054-ab79-5d407bf90704,2026-07-27T18:49:35Z,developer-03,GetMetricData,cloudwatch,normal,0,,normal,False,0.134904,0.308,0.0125,0.2194,LOW,[]
evt-702b3bde-13c0-44a6-a179-3a34cecfca53,2026-07-27T18:57:11Z,data-scientist-02,ListFunctions,lambda,normal,0,,normal,False,0.052747,0.4215,0.12,0.3311,LOW,"[""The activity occurred outside the home Region.""]"
evt-63623c62-582d-458e-8688-85ae5de69e4c,2026-07-27T18:58:16Z,data-scientist-03,Query,dynamodb,normal,0,,normal,False,0.096956,0.3585,0.1375,0.2922,LOW,"[""The activity occurred outside the home Region.""]"
evt-0a311fe0-8dc6-4ec0-9af7-6848b3e5b177,2026-07-27T18:59:50Z,developer-03,DescribeLogGroups,logs,normal,0,,normal,False,0.099452,0.3551,0.1125,0.2823,LOW,"[""The activity occurred outside the home Region.""]"
evt-b4e6c4bb-154e-4fe4-9ef3-c6539d2bf2a1,2026-07-27T19:53:59Z,developer-08,GetMetricData,cloudwatch,normal,0,,normal,False,0.114228,0.3351,0.0125,0.2383,LOW,[]
evt-b9f4b8b3-45a5-497e-b3c4-3b9f42a06a30,2026-07-27T22:05:07Z,ml-engineer-01,ListRoles,iam,suspicious,1,reconnaissance,suspicious,True,-0.10022,0.646,0.83,0.7012,HIGH,"[""The event performed a sensitive operation."", ""The event happened at an unusual time."", ""The activity came from an external IP."", ""The activity occurred outside the home Region."", ""The AWS API action has a high security risk.""]"
evt-ecf8a060-d5cc-4470-9bf8-0f2cc95dce76,2026-07-27T22:25:24Z,developer-01,ConsoleLogin,signin,suspicious,1,credential-compromise,suspicious,True,-0.10022,0.646,0.8625,0.7109,HIGH,"[""The event performed a sensitive operation."", ""The event happened at an unusual time."", ""The activity came from an external IP."", ""The activity occurred outside the home Region."", ""The AWS API action has a high security risk.""]"
evt-fe295575-6bf1-458d-9f32-ec7106b53cd0,2026-07-27T22:31:02Z,ml-engineer-03,GetSessionToken,sts,suspicious,1,credential-compromise,suspicious,True,-0.10022,0.646,0.85,0.7072,HIGH,"[""The event performed a sensitive operation."", ""The event happened at an unusual time."", ""The activity came from an external IP."", ""The activity occurred outside the home Region."", ""The AWS API action has a high security risk.""]"
evt-ef01d688-fa0a-41c1-91c3-f9fab3eeb1b1,2026-07-27T22:37:59Z,developer-08,ListBuckets,s3,suspicious,1,reconnaissance,suspicious,True,-0.10022,0.646,0.8125,0.6959,MEDIUM,"[""The event performed a sensitive operation."", ""The event happened at an unusual time."", ""The activity came from an external IP."", ""The activity occurred outside the home Region.""]"
evt-983b3cc5-f036-4295-a8eb-6ef0d0e328dc,2026-07-27T23:03:59Z,developer-03,PutBucketPolicy,s3,suspicious,1,public-exposure,suspicious,True,-0.103593,0.6506,0.88,0.7194,HIGH,"[""The event performed a sensitive operation."", ""The event happened at an unusual time."", ""The activity came from an external IP."", ""The activity occurred outside the home Region."", ""The AWS API action has a high security risk.""]"
evt-8a942a2d-740d-4fa4-a09c-f5d4afd54418,2026-07-27T23:16:06Z,developer-03,ListUsers,iam,suspicious,1,reconnaissance,suspicious,True,-0.097577,0.6423,0.825,0.6971,MEDIUM,"[""The event performed a sensitive operation."", ""The event happened at an unusual time."", ""The activity came from an external IP."", ""The activity occurred outside the home Region."", ""The AWS API action has a high security risk.""]"
evt-04d4dbee-5f70-4239-be6b-075d23223aa0,2026-07-27T23:19:55Z,data-scientist-01,DeleteTrail,cloudtrail,suspicious,1,defense-evasion,suspicious,True,-0.170104,0.7351,1.0,0.8146,HIGH,"[""The event performed a sensitive operation."", ""The event happened at an unusual time."", ""The activity came from an external IP."", ""The activity occurred outside the home Region."", ""The AWS API call failed."", ""The AWS API action has a high security risk.""]"
evt-7d693505-131d-409f-b492-5cf0a0210d2d,2026-07-27T23:28:23Z,developer-03,GetSessionToken,sts,suspicious,1,credential-compromise,suspicious,True,-0.145638,0.7055,0.85,0.7489,HIGH,"[""The event performed a sensitive operation."", ""The event happened at an unusual time."", ""The activity came from an external IP."", ""The activity occurred outside the home Region."", ""The AWS API action has a high security risk.""]"
evt-ca6782f9-8aaa-4302-a7ca-cf3e793a1a53,2026-07-28T01:32:22Z,developer-03,SelectObjectContent,s3,suspicious,1,data-exfiltration,suspicious,True,-0.103228,0.6501,0.87,0.7161,HIGH,"[""The event performed a sensitive operation."", ""The event happened at an unusual time."", ""The activity came from an external IP."", ""The activity occurred outside the home Region."", ""The AWS API action has a high security risk.""]"
evt-aa617dac-b8db-44de-a008-27a6d6730bd1,2026-07-28T02:41:02Z,ml-engineer-03,PutPublicAccessBlock,s3,suspicious,1,public-exposure,suspicious,True,-0.165658,0.7299,0.97,0.8019,HIGH,"[""The event performed a sensitive operation."", ""The event happened at an unusual time."", ""The activity came from an external IP."", ""The activity occurred outside the home Region."", ""The AWS API call failed."", ""The AWS API action has a high security risk.""]"
evt-09fa96e1-0ff8-43af-83d9-183855b6d143,2026-07-28T02:54:20Z,developer-03,DescribeSecurityGroups,ec2,suspicious,1,reconnaissance,suspicious,True,-0.097577,0.6423,0.82,0.6956,MEDIUM,"[""The event performed a sensitive operation."", ""The event happened at an unusual time."", ""The activity came from an external IP."", ""The activity occurred outside the home Region.""]"
evt-8c7c0c75-b0f2-4507-ac78-4a3197e109a7,2026-07-28T03:02:59Z,developer-01,ListBuckets,s3,suspicious,1,reconnaissance,suspicious,True,-0.093104,0.6361,0.8125,0.689,MEDIUM,"[""The event performed a sensitive operation."", ""The event happened at an unusual time."", ""The activity came from an external IP."", ""The activity occurred outside the home Region.""]"
evt-acdf277d-8d0f-4a94-bc52-d5b5a962ce4c,2026-07-28T03:59:49Z,data-scientist-01,PutObject,s3,normal,0,,suspicious,True,-0.080948,0.6191,0.2,0.4934,MEDIUM,"[""The event happened at an unusual time.""]"
evt-0bb816e2-9905-49de-96ae-fa39cebc03bc,2026-07-28T04:16:16Z,data-scientist-02,StopLogging,cloudtrail,suspicious,1,defense-evasion,suspicious,True,-0.085554,0.6256,0.9,0.7079,HIGH,"[""The event performed a sensitive operation."", ""The event happened at an unusual time."", ""The activity came from an external IP."", ""The activity occurred outside the home Region."", ""The AWS API action has a high security risk.""]"
evt-c0e9546c-1ee3-4ce6-9665-191810221e1c,2026-07-28T04:43:47Z,data-scientist-03,AttachUserPolicy,iam,suspicious,1,privilege-escalation,suspicious,True,-0.085554,0.6256,0.895,0.7064,HIGH,"[""The event performed a sensitive operation."", ""The event happened at an unusual time."", ""The activity came from an external IP."", ""The activity occurred outside the home Region."", ""The AWS API action has a high security risk.""]"
evt-faab25a8-3daf-4932-a323-ad12750e5a01,2026-07-28T04:51:55Z,developer-06,DeleteTrail,cloudtrail,suspicious,1,defense-evasion,suspicious,True,-0.085554,0.6256,0.9,0.7079,HIGH,"[""The event performed a sensitive operation."", ""The event happened at an unusual time."", ""The activity came from an external IP."", ""The activity occurred outside the home Region."", ""The AWS API action has a high security risk.""]"
evt-67dc1ef1-eeca-4a67-8c22-4243dc222b6b,2026-07-28T05:14:57Z,developer-05,StopLogging,cloudtrail,suspicious,1,defense-evasion,suspicious,True,-0.082794,0.6217,0.9,0.7052,HIGH,"[""The event performed a sensitive operation."", ""The event happened at an unusual time."", ""The activity came from an external IP."", ""The activity occurred outside the home Region."", ""The AWS API action has a high security risk.""]"
evt-490e5efc-486a-4e02-a096-ee77300bc237,2026-07-28T06:29:42Z,developer-08,ListFunctions,lambda,normal,0,,suspicious,True,-0.046826,0.5698,0.27,0.4798,MEDIUM,"[""The event happened at an unusual time."", ""The activity occurred outside the home Region.""]"
evt-12205528-e4d8-476c-b4a3-b38b63c10fb1,2026-07-28T08:05:32Z,developer-05,GetObject,s3,normal,0,,normal,False,0.128785,0.3159,0.0375,0.2324,LOW,[]
evt-973b8f67-9354-4963-bbcc-a9bcd731869a,2026-07-28T08:06:16Z,developer-04,DescribeLogGroups,logs,normal,0,,normal,False,0.116535,0.332,0.1125,0.2661,LOW,"[""The activity occurred outside the home Region.""]"
evt-2f88faee-0eef-4336-ac68-bd6718f26dd5,2026-07-28T08:17:26Z,developer-02,ListBuckets,s3,normal,0,,normal,False,0.141061,0.3002,0.025,0.2176,LOW,[]
evt-51eb19c3-715c-4307-b264-b29ec08fdec1,2026-07-28T08:35:26Z,developer-07,PutObject,s3,normal,0,,normal,False,0.052172,0.4224,0.15,0.3407,LOW,"[""The activity occurred outside the home Region.""]"
evt-b8d1e2a1-6fa3-4398-9def-290f5c845466,2026-07-28T08:36:46Z,data-scientist-01,GetMetricData,cloudwatch,normal,0,,normal,False,0.116535,0.332,0.1125,0.2661,LOW,"[""The activity occurred outside the home Region.""]"
evt-2d9c2435-ea4f-4d14-8f44-bd3913742ff2,2026-07-28T08:42:52Z,ml-engineer-01,Query,dynamodb,normal,0,,normal,False,0.128785,0.3159,0.0375,0.2324,LOW,[]
evt-cb7131ed-151a-4858-8142-ae2821e53a03,2026-07-28T08:45:19Z,data-scientist-02,Query,dynamodb,normal,0,,normal,False,0.128785,0.3159,0.0375,0.2324,LOW,[]
evt-89569d87-f0bb-4d98-995c-5b758be5f2d8,2026-07-28T09:02:13Z,developer-01,GetObject,s3,normal,0,,normal,False,0.121168,0.3259,0.1375,0.2693,LOW,"[""The activity occurred outside the home Region.""]"
evt-65cbc2ed-5818-4b1c-9e80-c1ce08489072,2026-07-28T09:02:38Z,developer-01,ListBuckets,s3,normal,0,,normal,False,0.004795,0.4928,0.025,0.3525,LOW,[]
evt-b3c69d1c-ec25-42d7-9915-d3328d756f2b,2026-07-28T09:06:06Z,developer-01,GetMetricData,cloudwatch,normal,0,,suspicious,True,-0.023401,0.535,0.1125,0.4083,MEDIUM,"[""The activity occurred outside the home Region.""]"
evt-0afcc917-9bc1-4ef4-8304-1264fc9af63e,2026-07-28T09:07:35Z,developer-07,ListFunctions,lambda,normal,0,,normal,False,0.125306,0.3204,0.12,0.2603,LOW,"[""The activity occurred outside the home Region.""]"
evt-afd3eed5-d36d-4ff2-9ba2-c4e5603c0a97,2026-07-28T09:13:53Z,data-scientist-02,DescribeLogGroups,logs,normal,0,,normal,False,0.137307,0.3049,0.0125,0.2172,LOW,[]
evt-b28e4585-5d20-474b-87ad-5f4d104012fb,2026-07-28T09:16:27Z,developer-02,GetCallerIdentity,sts,normal,0,,normal,False,0.121284,0.3257,0.1125,0.2617,LOW,"[""The activity occurred outside the home Region.""]"
evt-54fe8281-749c-444b-b881-d357e826e81e,2026-07-28T09:28:31Z,data-scientist-02,GetCallerIdentity,sts,normal,0,,normal,False,0.069257,0.3976,0.0125,0.2821,LOW,[]
evt-91aeabec-189f-4c6c-99dc-b9748575e14e,2026-07-28T09:30:00Z,ml-engineer-01,ListFunctions,lambda,normal,0,,normal,False,0.141127,0.3001,0.02,0.2161,LOW,[]
evt-174d041e-3b89-4bbe-9569-4c8a7ccc6c6e,2026-07-28T09:30:39Z,data-scientist-03,GetObject,s3,normal,0,,normal,False,0.121168,0.3259,0.1375,0.2693,LOW,"[""The activity occurred outside the home Region.""]"
evt-6eac1ced-62fd-4ed6-8c43-7fe25d76cdd7,2026-07-28T09:45:12Z,developer-01,DescribeInstances,ec2,normal,0,,normal,False,0.079067,0.3836,0.025,0.276,LOW,[]
evt-69527cab-0fb9-4f1c-b038-b713755a586d,2026-07-28T10:09:42Z,developer-04,GetMetricData,cloudwatch,normal,0,,normal,False,0.137895,0.3042,0.1125,0.2467,LOW,"[""The activity occurred outside the home Region.""]"
evt-3379a96a-d3be-4a0c-a0d6-e715ecff103c,2026-07-28T10:18:19Z,developer-01,ListFunctions,lambda,normal,0,,normal,False,0.149604,0.2895,0.02,0.2087,LOW,[]
evt-956a1420-6aab-4faf-99ec-d7fe16a057b7,2026-07-28T10:19:35Z,developer-01,Query,dynamodb,normal,0,,suspicious,True,-0.050195,0.5747,0.1375,0.4436,MEDIUM,"[""The activity occurred outside the home Region.""]"
evt-529ad80a-934f-4fcf-b41d-e91413bb007c,2026-07-28T10:21:21Z,developer-06,PutObject,s3,normal,0,,normal,False,0.081346,0.3803,0.05,0.2812,LOW,[]
evt-a47e34da-31e7-487d-b036-ea471725a252,2026-07-28T10:23:36Z,developer-08,DescribeLogGroups,logs,normal,0,,normal,False,0.154838,0.2831,0.0125,0.2019,LOW,[]
evt-b3d8cce6-88f0-4504-875d-45bda0a34c45,2026-07-28T10:24:03Z,developer-08,GetCallerIdentity,sts,normal,0,,suspicious,True,-0.000926,0.5014,0.0125,0.3547,LOW,[]
evt-e006468d-53b8-4092-9cb3-c6038f63a5fb,2026-07-28T10:24:39Z,developer-01,GetCallerIdentity,sts,normal,0,,normal,False,0.008124,0.4878,0.0125,0.3452,LOW,[]
evt-89712f0a-a939-433c-8253-1c60257ff23e,2026-07-28T10:30:59Z,ml-engineer-02,ListBuckets,s3,normal,0,,normal,False,0.145206,0.295,0.125,0.244,LOW,"[""The activity occurred outside the home Region.""]"
evt-24b77225-fb00-455e-8595-e894bca3f713,2026-07-28T10:32:39Z,data-scientist-01,GetMetricData,cloudwatch,normal,0,,normal,False,0.137895,0.3042,0.1125,0.2467,LOW,"[""The activity occurred outside the home Region.""]"
evt-65e3eb0a-7f88-4e42-a1b0-4fafcd57de66,2026-07-28T10:46:18Z,developer-08,DescribeLogGroups,logs,normal,0,,normal,False,0.077817,0.3853,0.0125,0.2735,LOW,[]
evt-8963c975-17f3-4138-baa9-da6905217c82,2026-07-28T10:51:46Z,developer-07,ListFunctions,lambda,normal,0,,normal,False,0.148122,0.2914,0.12,0.24,LOW,"[""The activity occurred outside the home Region.""]"
evt-eeabef34-08cd-479c-9e11-eb2cd4ef750e,2026-07-28T10:54:10Z,data-scientist-03,GetCallerIdentity,sts,normal,0,,normal,False,0.137895,0.3042,0.1125,0.2467,LOW,"[""The activity occurred outside the home Region.""]"
evt-5cb996b3-f725-465f-8926-84018072b171,2026-07-28T10:58:04Z,data-scientist-01,DescribeTable,dynamodb,normal,0,,normal,False,0.149604,0.2895,0.02,0.2087,LOW,[]
evt-84d15776-b761-480c-bfff-56d8c23f66ed,2026-07-28T10:58:51Z,data-scientist-03,DescribeInstances,ec2,normal,0,,normal,False,0.007724,0.4884,0.025,0.3494,LOW,[]
evt-f6b88a94-15ea-4967-a1c8-c4ac91460000,2026-07-28T11:13:43Z,developer-03,ListFunctions,lambda,normal,0,,normal,False,0.163522,0.2727,0.02,0.1969,LOW,[]
evt-4ba4727c-0466-4ca6-a553-a11a20eafb98,2026-07-28T11:17:10Z,data-scientist-02,ListFunctions,lambda,normal,0,,normal,False,0.163522,0.2727,0.02,0.1969,LOW,[]
evt-5587205c-6033-41a3-9385-4fefb0bb5925,2026-07-28T11:35:38Z,developer-01,UpdateAssumeRolePolicy,iam,suspicious,1,privilege-escalation,normal,False,0.07142,0.3945,0.73,0.4951,MEDIUM,"[""The event performed a sensitive operation."", ""The activity came from an external IP."", ""The activity occurred outside the home Region."", ""The AWS API action has a high security risk.""]"
evt-9f9ed45c-bce8-45cc-bef2-82fbb3c4ea84,2026-07-28T12:03:02Z,ml-engineer-03,DescribeLogGroups,logs,normal,0,,normal,False,0.144426,0.296,0.1125,0.2409,LOW,"[""The activity occurred outside the home Region.""]"
evt-482c61b6-00e5-4ecc-8a28-0411dd4d4c1b,2026-07-28T12:08:35Z,ml-engineer-01,Query,dynamodb,normal,0,,normal,False,0.13371,0.3095,0.1375,0.2579,LOW,"[""The activity occurred outside the home Region.""]"
evt-878f3758-e675-4663-8e1f-3dc76bde466a,2026-07-28T12:16:15Z,ml-engineer-02,ListFunctions,lambda,normal,0,,normal,False,0.156834,0.2807,0.12,0.2325,LOW,"[""The activity occurred outside the home Region.""]"
evt-a429e719-9e88-4d75-9fc0-d7a4fa6d2cf6,2026-07-28T12:19:25Z,ml-engineer-03,GetObject,s3,normal,0,,normal,False,0.127375,0.3177,0.1375,0.2637,LOW,"[""The activity occurred outside the home Region.""]"
evt-ef9f1957-7d80-49ce-9cfa-0a154c070e96,2026-07-28T12:33:53Z,data-scientist-02,DescribeInstances,ec2,normal,0,,normal,False,0.166479,0.2692,0.025,0.1959,LOW,[]
evt-5450f76c-668b-48e4-9a6c-9869179fa953,2026-07-28T12:41:29Z,ml-engineer-03,Query,dynamodb,normal,0,,normal,False,0.075351,0.3889,0.0375,0.2835,LOW,[]
evt-8276a7df-579c-439b-9c97-451a1625adbd,2026-07-28T12:52:23Z,developer-02,DescribeInstances,ec2,normal,0,,normal,False,0.166479,0.2692,0.025,0.1959,LOW,[]
evt-7f889e82-f523-4926-9343-29338909cd3a,2026-07-28T12:56:34Z,data-scientist-03,GetObject,s3,normal,0,,normal,False,0.13371,0.3095,0.1375,0.2579,LOW,"[""The activity occurred outside the home Region.""]"
evt-d4cdbaba-26b7-402e-8799-22bcca9f9a73,2026-07-28T13:04:13Z,developer-01,GetObject,s3,normal,0,,normal,False,0.150067,0.289,0.0375,0.2135,LOW,[]
evt-3d4aa089-6ebf-4300-ab55-cf02469361d9,2026-07-28T13:38:17Z,developer-08,DescribeTable,dynamodb,normal,0,,normal,False,0.164092,0.272,0.02,0.1964,LOW,[]
evt-0c86ea3a-6d8b-46d1-9c0c-bcf7ec48eb63,2026-07-28T13:39:11Z,developer-07,GetObject,s3,normal,0,,normal,False,0.131957,0.3118,0.1375,0.2595,LOW,"[""The activity occurred outside the home Region.""]"
evt-04a9eb96-32df-4a84-a8b0-3fbbc1285311,2026-07-28T13:40:06Z,developer-04,ListBuckets,s3,normal,0,,normal,False,0.165146,0.2707,0.025,0.197,LOW,[]
evt-81965a9c-586c-4f3c-b31d-b5e2797e1761,2026-07-28T13:56:19Z,data-scientist-03,PutObject,s3,normal,0,,normal,False,0.082514,0.3787,0.05,0.2801,LOW,[]
evt-778fb2bb-2682-4637-a0ce-5998508447fd,2026-07-28T13:58:22Z,data-scientist-02,ListBuckets,s3,normal,0,,normal,False,0.153268,0.285,0.125,0.237,LOW,"[""The activity occurred outside the home Region.""]"
evt-099f9588-74b8-4769-bc53-44ef30c7cd89,2026-07-28T14:00:04Z,developer-01,ListBuckets,s3,normal,0,,normal,False,0.160944,0.2757,0.025,0.2005,LOW,[]
evt-6e754b50-9657-4a50-8a48-820be3839285,2026-07-28T14:00:24Z,ml-engineer-02,GetMetricData,cloudwatch,normal,0,,normal,False,0.143378,0.2973,0.1125,0.2418,LOW,"[""The activity occurred outside the home Region.""]"
evt-2e5a4ebd-5139-421d-83ea-c69a65568961,2026-07-28T14:07:13Z,data-scientist-02,DescribeLogGroups,logs,normal,0,,normal,False,0.137975,0.3041,0.1125,0.2466,LOW,"[""The activity occurred outside the home Region.""]"
evt-8e06c3db-e7f1-41e7-bcb8-e06df0efa357,2026-07-28T14:08:00Z,ml-engineer-01,PutObject,s3,normal,0,,normal,False,0.095018,0.3612,0.05,0.2678,LOW,[]
evt-330159e3-55a5-4f0b-bb67-8dbe9bb8f27e,2026-07-28T14:08:55Z,developer-07,GetCallerIdentity,sts,normal,0,,normal,False,0.155889,0.2818,0.0125,0.201,LOW,[]
evt-9c4171bf-a36c-4bde-a9f6-a4858757cf45,2026-07-28T14:21:36Z,developer-02,DescribeInstances,ec2,normal,0,,normal,False,0.169455,0.2657,0.025,0.1935,LOW,[]
evt-854e01a1-868f-4c1e-82ba-e2eb75b47fb3,2026-07-28T14:54:24Z,developer-04,GetMetricData,cloudwatch,normal,0,,normal,False,0.165134,0.2708,0.0125,0.1933,LOW,[]
evt-2b9df3f9-72c6-4d89-bfba-43c8dafe093c,2026-07-28T15:08:34Z,developer-03,GetMetricData,cloudwatch,normal,0,,normal,False,0.163367,0.2729,0.0125,0.1947,LOW,[]
evt-9396ef78-0943-4845-8eb6-cffae8500c75,2026-07-28T15:14:20Z,ml-engineer-01,DescribeTable,dynamodb,normal,0,,normal,False,0.165894,0.2699,0.02,0.1949,LOW,[]
evt-c92a1609-07dc-4011-a804-3fa3d93c747f,2026-07-28T15:19:15Z,developer-04,GetObject,s3,normal,0,,normal,False,0.123436,0.3229,0.1375,0.2673,LOW,"[""The activity occurred outside the home Region.""]"
evt-cb6b36cf-9d9e-49e4-b91a-f3af4fc39e55,2026-07-28T15:25:16Z,data-scientist-01,Query,dynamodb,normal,0,,normal,False,0.128949,0.3157,0.1375,0.2622,LOW,"[""The activity occurred outside the home Region.""]"
evt-e0a402d7-e865-47ac-af08-0ff05cf52544,2026-07-28T15:29:53Z,developer-02,GetMetricData,cloudwatch,normal,0,,normal,False,0.163367,0.2729,0.0125,0.1947,LOW,[]
evt-1a88c191-8442-40a7-b36e-504d72065981,2026-07-28T15:38:30Z,ml-engineer-02,ListFunctions,lambda,normal,0,,normal,False,0.154149,0.284,0.12,0.2348,LOW,"[""The activity occurred outside the home Region.""]"
evt-2b4ddf76-aa64-4433-8fd6-4f9a53a7c2ed,2026-07-28T15:42:33Z,ml-engineer-01,DescribeTable,dynamodb,normal,0,,normal,False,0.142749,0.2981,0.12,0.2447,LOW,"[""The activity occurred outside the home Region.""]"
evt-5bc9e946-c674-41d2-843b-af70b4a791b4,2026-07-28T16:04:35Z,developer-08,GetObject,s3,normal,0,,normal,False,0.145303,0.2949,0.0375,0.2177,LOW,[]
evt-0fdf0cf7-f951-457d-9e2f-250f03670b25,2026-07-28T16:05:13Z,data-scientist-02,DescribeInstances,ec2,normal,0,,normal,False,0.160453,0.2763,0.025,0.2009,LOW,[]
evt-0b0b632d-ddab-4ff6-a35c-c1aa0145a7a0,2026-07-28T16:16:32Z,developer-06,DescribeLogGroups,logs,normal,0,,normal,False,0.156895,0.2806,0.0125,0.2002,LOW,[]
evt-93cc5eb4-c382-4cd1-9e09-7f5ee18092ec,2026-07-28T16:17:40Z,developer-01,Query,dynamodb,normal,0,,normal,False,0.145303,0.2949,0.0375,0.2177,LOW,[]
evt-e334f941-ca00-4531-9a23-60d044ded585,2026-07-28T16:26:47Z,developer-03,GetCallerIdentity,sts,normal,0,,normal,False,0.13352,0.3098,0.1125,0.2506,LOW,"[""The activity occurred outside the home Region.""]"
evt-f5124096-5dba-49a7-9f78-d296c79b802d,2026-07-28T16:28:05Z,ml-engineer-03,DescribeLogGroups,logs,normal,0,,normal,False,0.156895,0.2806,0.0125,0.2002,LOW,[]
evt-f73cb7e4-0640-482c-9359-1fcc6f3db70b,2026-07-28T16:44:21Z,ml-engineer-03,DescribeInstances,ec2,normal,0,,normal,False,0.134016,0.3091,0.125,0.2539,LOW,"[""The activity occurred outside the home Region.""]"
evt-2dcb2d67-e245-4521-8496-b0133bae17b7,2026-07-28T16:45:59Z,data-scientist-01,DescribeTable,dynamodb,normal,0,,normal,False,0.160443,0.2763,0.02,0.1994,LOW,[]
evt-86c395d4-874c-444b-afb9-086404c57896,2026-07-28T16:52:57Z,ml-engineer-01,GetObject,s3,normal,0,,normal,False,0.122048,0.3247,0.1375,0.2685,LOW,"[""The activity occurred outside the home Region.""]"
evt-cd37275f-bef2-4191-b113-e4945af0b86d,2026-07-28T17:18:11Z,ml-engineer-01,DescribeLogGroups,logs,normal,0,,normal,False,0.136028,0.3066,0.0125,0.2184,LOW,[]
evt-bc7fcb0c-ba1d-4674-8dc7-d0a1c35723d4,2026-07-28T17:22:34Z,developer-08,GetCallerIdentity,sts,normal,0,,normal,False,0.148566,0.2908,0.0125,0.2073,LOW,[]
evt-566e2394-5b25-4589-a6aa-9288840f8f58,2026-07-28T17:24:24Z,developer-07,Query,dynamodb,normal,0,,normal,False,0.110066,0.3407,0.1375,0.2797,LOW,"[""The activity occurred outside the home Region.""]"
evt-40b165c7-9b4d-4b7e-95ba-ba52be7a76bf,2026-07-28T17:24:49Z,developer-03,GetObject,s3,normal,0,,normal,False,0.123402,0.3229,0.0375,0.2373,LOW,[]
evt-64e360f1-111d-44f6-b54c-c82230c21af7,2026-07-28T17:26:03Z,developer-05,ListBuckets,s3,normal,0,,normal,False,0.153954,0.2842,0.025,0.2064,LOW,[]
evt-252588ce-9bbe-4c9a-a959-6d9f10e2054e,2026-07-28T17:27:37Z,ml-engineer-01,ListFunctions,lambda,normal,0,,normal,False,0.06765,0.3999,0.12,0.3159,LOW,"[""The activity occurred outside the home Region.""]"
evt-8100cc4b-55db-4659-a140-639a7bd4b794,2026-07-28T17:33:48Z,developer-05,DescribeTable,dynamodb,normal,0,,normal,False,0.122765,0.3237,0.12,0.2626,LOW,"[""The activity occurred outside the home Region.""]"
evt-e46df00e-5ab7-40f1-a64d-1e909789b0bc,2026-07-28T17:34:47Z,ml-engineer-03,GetObject,s3,normal,0,,normal,False,0.123402,0.3229,0.0375,0.2373,LOW,[]
evt-f7948917-14f8-4baa-a2b2-51d0dabfc362,2026-07-28T17:54:19Z,data-scientist-02,Query,dynamodb,normal,0,,normal,False,0.136769,0.3056,0.0375,0.2252,LOW,[]
evt-0419148d-dc53-437c-9b9e-8a19c0d8f0e6,2026-07-28T17:58:45Z,ml-engineer-01,Query,dynamodb,normal,0,,normal,False,0.052942,0.4212,0.1375,0.3361,LOW,"[""The activity occurred outside the home Region.""]"
evt-9f07792d-d6d4-43ce-a464-091689923f4c,2026-07-28T18:09:03Z,developer-01,GetObject,s3,normal,0,,normal,False,0.096956,0.3585,0.1375,0.2922,LOW,"[""The activity occurred outside the home Region.""]"
evt-fdf333af-6120-4f15-9f2d-64b766153e8f,2026-07-28T18:18:48Z,developer-05,GetObject,s3,normal,0,,normal,False,0.047842,0.4287,0.0375,0.3114,LOW,[]
evt-1c1106de-9420-47fc-8002-364263f94874,2026-07-28T18:19:13Z,developer-05,DescribeLogGroups,logs,normal,0,,suspicious,True,-0.053116,0.579,0.0125,0.4091,MEDIUM,[]
evt-a894930e-30ac-47bd-93fb-b8d385f3087c,2026-07-28T18:33:06Z,developer-02,DescribeInstances,ec2,normal,0,,normal,False,0.117152,0.3312,0.125,0.2693,LOW,"[""The activity occurred outside the home Region.""]"
evt-e9a8dc5e-5c2d-4614-b087-e3e87b77fb4d,2026-07-28T18:37:16Z,developer-08,DescribeLogGroups,logs,normal,0,,normal,False,0.103525,0.3495,0.1125,0.2784,LOW,"[""The activity occurred outside the home Region.""]"
evt-33a5babd-fe2f-4cf7-aeaf-989ef5ae88e4,2026-07-28T18:42:14Z,data-scientist-03,GetObject,s3,normal,0,,normal,False,0.12337,0.323,0.0375,0.2373,LOW,[]
evt-6233b1db-dc5d-4b41-8294-c996d3eae166,2026-07-28T18:49:12Z,developer-05,DescribeLogGroups,logs,normal,0,,normal,False,0.052317,0.4222,0.0125,0.2993,LOW,[]
evt-f745cff1-f63f-476d-9d2d-e098aed79de9,2026-07-28T19:14:54Z,developer-04,ListFunctions,lambda,normal,0,,normal,False,0.119883,0.3275,0.02,0.2353,LOW,[]
evt-0b647b69-7e24-4326-a5bc-5a264516dc54,2026-07-28T20:09:54Z,data-scientist-02,Query,dynamodb,normal,0,,normal,False,0.086222,0.3735,0.0375,0.2727,LOW,[]
evt-e0697823-fe8e-4413-8987-37cbde458844,2026-07-28T20:59:33Z,data-scientist-01,Query,dynamodb,normal,0,,normal,False,0.086222,0.3735,0.0375,0.2727,LOW,[]
evt-18ec0b61-a11c-46d3-9081-c274954862e0,2026-07-28T21:24:51Z,developer-04,PutObject,s3,normal,0,,normal,False,0.026735,0.46,0.05,0.337,LOW,[]
evt-13094fc1-e191-494a-bedf-d7c2eee7c11b,2026-07-28T22:01:31Z,data-scientist-01,PutBucketPolicy,s3,suspicious,1,public-exposure,suspicious,True,-0.10022,0.646,0.88,0.7162,HIGH,"[""The event performed a sensitive operation."", ""The event happened at an unusual time."", ""The activity came from an external IP."", ""The activity occurred outside the home Region."", ""The AWS API action has a high security risk.""]"
evt-ea8c6e9f-5a81-42d5-897c-f14d8d562d84,2026-07-28T22:15:12Z,developer-03,ListFunctions,lambda,normal,0,,suspicious,True,-0.056595,0.5841,0.17,0.4599,MEDIUM,"[""The event happened at an unusual time.""]"
evt-3824ae3d-c1fb-4421-99d6-bc23410c1a01,2026-07-29T00:05:53Z,data-scientist-03,SelectObjectContent,s3,suspicious,1,data-exfiltration,suspicious,True,-0.108367,0.6571,0.87,0.7209,HIGH,"[""The event performed a sensitive operation."", ""The event happened at an unusual time."", ""The activity came from an external IP."", ""The activity occurred outside the home Region."", ""The AWS API action has a high security risk.""]"
evt-a2569224-fc60-4977-af86-cd075a01097c,2026-07-29T00:23:38Z,developer-07,AttachUserPolicy,iam,suspicious,1,privilege-escalation,suspicious,True,-0.108367,0.6571,0.895,0.7284,HIGH,"[""The event performed a sensitive operation."", ""The event happened at an unusual time."", ""The activity came from an external IP."", ""The activity occurred outside the home Region."", ""The AWS API action has a high security risk.""]"
evt-b0a89c9d-bb77-47ec-b048-3516af336630,2026-07-29T00:50:40Z,developer-03,ConsoleLogin,signin,suspicious,1,credential-compromise,suspicious,True,-0.108367,0.6571,0.8625,0.7187,HIGH,"[""The event performed a sensitive operation."", ""The event happened at an unusual time."", ""The activity came from an external IP."", ""The activity occurred outside the home Region."", ""The AWS API action has a high security risk.""]"
evt-b8ad0a88-a059-4001-b0af-b14b168e7bc8,2026-07-29T01:48:59Z,developer-02,CreateAccessKey,iam,suspicious,1,privilege-escalation,suspicious,True,-0.103228,0.6501,0.8875,0.7213,HIGH,"[""The event performed a sensitive operation."", ""The event happened at an unusual time."", ""The activity came from an external IP."", ""The activity occurred outside the home Region."", ""The AWS API action has a high security risk.""]"
evt-b9abdb50-93a1-4b23-9682-a36e6a21206e,2026-07-29T02:10:53Z,ml-engineer-03,GetObject,s3,suspicious,1,data-exfiltration,suspicious,True,-0.097577,0.6423,0.845,0.7031,HIGH,"[""The event performed a sensitive operation."", ""The event happened at an unusual time."", ""The activity came from an external IP."", ""The activity occurred outside the home Region."", ""The AWS API action has a high security risk.""]"
evt-6f655196-ea76-44c3-9cae-60a61c5c510f,2026-07-29T05:37:51Z,developer-02,DeleteTrail,cloudtrail,suspicious,1,defense-evasion,suspicious,True,-0.082794,0.6217,0.9,0.7052,HIGH,"[""The event performed a sensitive operation."", ""The event happened at an unusual time."", ""The activity came from an external IP."", ""The activity occurred outside the home Region."", ""The AWS API action has a high security risk.""]"
evt-e4acee76-0a82-4bb3-b256-45059e5e7bd4,2026-07-29T06:33:12Z,data-scientist-02,PutBucketPolicy,s3,suspicious,1,public-exposure,suspicious,True,-0.076885,0.6133,0.88,0.6933,MEDIUM,"[""The event performed a sensitive operation."", ""The event happened at an unusual time."", ""The activity came from an external IP."", ""The activity occurred outside the home Region."", ""The AWS API action has a high security risk.""]"
evt-f8873662-f061-4497-a87c-de4666b50933,2026-07-29T08:00:36Z,ml-engineer-02,GetCallerIdentity,sts,normal,0,,normal,False,0.133507,0.3098,0.0125,0.2206,LOW,[]
evt-18489382-f52f-4da3-9c09-3a64bfb349c1,2026-07-29T08:10:20Z,developer-03,DescribeLogGroups,logs,normal,0,,normal,False,0.116535,0.332,0.1125,0.2661,LOW,"[""The activity occurred outside the home Region.""]"
evt-4809927f-001d-4566-aa7c-0ac8fc3eb352,2026-07-29T08:11:05Z,developer-03,GetObject,s3,normal,0,,suspicious,True,-0.016054,0.5241,0.0375,0.3781,LOW,[]
evt-9e650328-25ce-4861-a7d2-1848f5fde1ba,2026-07-29T08:22:55Z,data-scientist-03,Query,dynamodb,normal,0,,normal,False,0.128785,0.3159,0.0375,0.2324,LOW,[]
evt-1c0f77d8-6cff-4fd4-9930-943a5a5b3d70,2026-07-29T08:23:45Z,data-scientist-03,GetObject,s3,normal,0,,suspicious,True,-0.016054,0.5241,0.0375,0.3781,LOW,[]
evt-adb642b3-77a7-451d-9cba-7cec85125708,2026-07-29T08:26:08Z,data-scientist-03,GetObject,s3,normal,0,,suspicious,True,-0.137205,0.6949,0.1375,0.5277,MEDIUM,"[""The AWS API call failed.""]"
evt-8c798edb-5ac9-4feb-89a6-458e293d4b90,2026-07-29T08:53:54Z,developer-07,ListFunctions,lambda,normal,0,,normal,False,0.125859,0.3197,0.12,0.2598,LOW,"[""The activity occurred outside the home Region.""]"
evt-0caff7c9-8643-47e4-993b-d2fd5895b1a8,2026-07-29T08:59:44Z,data-scientist-03,DescribeLogGroups,logs,normal,0,,normal,False,0.058421,0.4133,0.0125,0.293,LOW,[]
evt-40282a45-4408-4bb7-914d-408a1f7fc7cf,2026-07-29T09:14:45Z,developer-04,GetCallerIdentity,sts,normal,0,,normal,False,0.143472,0.2972,0.0125,0.2118,LOW,[]
evt-1eb30213-204c-4ea9-b781-c27813849e57,2026-07-29T09:15:04Z,developer-03,ListBuckets,s3,normal,0,,normal,False,0.15149,0.2872,0.025,0.2086,LOW,[]
evt-4baa7e4e-24df-4c96-a39b-947e632fc9ab,2026-07-29T09:21:49Z,developer-07,ListBuckets,s3,normal,0,,normal,False,0.143089,0.2976,0.025,0.2159,LOW,[]
evt-2d2d2866-0d51-4bb5-a9ee-ddd44b700f6b,2026-07-29T09:22:50Z,developer-03,PutObject,s3,normal,0,,normal,False,0.047207,0.4297,0.15,0.3458,LOW,"[""The activity occurred outside the home Region.""]"
evt-3e3268b5-5861-4b56-b19e-bd90212031b6,2026-07-29T09:23:24Z,data-scientist-02,ListBuckets,s3,normal,0,,normal,False,0.15149,0.2872,0.025,0.2086,LOW,[]
evt-9fb577f1-27bb-41ec-8a68-2401d64148d2,2026-07-29T09:25:50Z,developer-04,DescribeTable,dynamodb,normal,0,,normal,False,0.141127,0.3001,0.02,0.2161,LOW,[]
evt-c26f4087-5f8c-4cd4-9f93-cf4307a2838f,2026-07-29T09:28:31Z,developer-04,GetCallerIdentity,sts,normal,0,,suspicious,True,-0.038744,0.5579,0.0125,0.3942,LOW,[]
evt-6e353f8e-a365-4fbd-b70c-bddc01d75c6f,2026-07-29T09:32:42Z,developer-04,DescribeLogGroups,logs,normal,0,,suspicious,True,-0.038744,0.5579,0.0125,0.3942,LOW,[]
evt-a0f2386b-a2e9-4b2e-bef9-3a118a826670,2026-07-29T09:40:04Z,developer-02,GetObject,s3,normal,0,,normal,False,0.121168,0.3259,0.1375,0.2693,LOW,"[""The activity occurred outside the home Region.""]"
evt-abb77973-06f3-4e28-a7d9-945162e21bab,2026-07-29T09:58:30Z,ml-engineer-02,DescribeTable,dynamodb,normal,0,,normal,False,0.141038,0.3002,0.12,0.2462,LOW,"[""The activity occurred outside the home Region.""]"
evt-640d982a-e5e5-41d2-83b0-31fda01fba57,2026-07-29T10:08:11Z,data-scientist-01,GetCallerIdentity,sts,normal,0,,normal,False,0.137895,0.3042,0.1125,0.2467,LOW,"[""The activity occurred outside the home Region.""]"
evt-d7051398-b047-49a6-9536-67c0dc5a05ca,2026-07-29T10:17:10Z,developer-06,Query,dynamodb,normal,0,,normal,False,0.127013,0.3182,0.1375,0.264,LOW,"[""The activity occurred outside the home Region.""]"
evt-958c0210-1086-47b3-9ea3-b0687e49787a,2026-07-29T10:20:43Z,developer-02,GetMetricData,cloudwatch,normal,0,,normal,False,0.147052,0.2927,0.0125,0.2086,LOW,[]
evt-6191119f-f198-4d6a-ab97-879c3c58ffa3,2026-07-29T10:22:15Z,developer-02,PutObject,s3,normal,0,,suspicious,True,-0.066545,0.5985,0.05,0.434,MEDIUM,[]
evt-af399e0c-a46a-4d50-9211-0299414dae73,2026-07-29T10:32:26Z,developer-08,GetCallerIdentity,sts,normal,0,,normal,False,0.137895,0.3042,0.1125,0.2467,LOW,"[""The activity occurred outside the home Region.""]"
evt-5608fcba-a783-4679-afb6-d91efc5dbbad,2026-07-29T10:37:19Z,ml-engineer-02,ListFunctions,lambda,normal,0,,normal,False,0.149604,0.2895,0.02,0.2087,LOW,[]
evt-8e1003c3-a951-4dbc-a213-9d98adace517,2026-07-29T10:38:57Z,developer-04,GetMetricData,cloudwatch,normal,0,,normal,False,0.154838,0.2831,0.0125,0.2019,LOW,[]
evt-17003271-0b9c-4f9e-b3af-2af262c66825,2026-07-29T10:39:53Z,developer-03,ListBuckets,s3,normal,0,,normal,False,0.145206,0.295,0.125,0.244,LOW,"[""The activity occurred outside the home Region.""]"
evt-00d2dd99-621d-472a-ae7e-b8db6e8992e0,2026-07-29T11:04:49Z,ml-engineer-02,ListBuckets,s3,normal,0,,normal,False,0.138263,0.3037,0.125,0.2501,LOW,"[""The activity occurred outside the home Region.""]"
evt-10979aa8-6cb4-41d7-9756-591f787a5a72,2026-07-29T11:22:54Z,developer-07,Query,dynamodb,normal,0,,normal,False,0.151583,0.2871,0.0375,0.2122,LOW,[]
evt-0beeafde-5e4f-4967-88a1-6853e981c16d,2026-07-29T11:36:02Z,developer-06,Query,dynamodb,normal,0,,normal,False,0.151583,0.2871,0.0375,0.2122,LOW,[]
evt-1398f7cd-6b64-4a5c-a2ef-306ab81e0cfe,2026-07-29T11:39:12Z,data-scientist-02,DescribeTable,dynamodb,normal,0,,normal,False,0.163522,0.2727,0.02,0.1969,LOW,[]
evt-626f7a10-a5ed-479f-a1a1-f8c9d9a910e2,2026-07-29T11:43:34Z,ml-engineer-03,Query,dynamodb,normal,0,,normal,False,0.130095,0.3142,0.1375,0.2612,LOW,"[""The activity occurred outside the home Region.""]"
evt-00f6da61-70c0-4958-b07a-0a4ff656a09a,2026-07-29T11:46:36Z,data-scientist-03,GetObject,s3,normal,0,,normal,False,0.130095,0.3142,0.1375,0.2612,LOW,"[""The activity occurred outside the home Region.""]"
evt-e919ff00-765c-48b3-9e42-870f0f8cbb64,2026-07-29T11:49:15Z,ml-engineer-02,GetMetricData,cloudwatch,normal,0,,normal,False,0.149074,0.2902,0.0125,0.2069,LOW,[]
evt-85fa60bf-c5dd-4c89-b4a5-237220cf640b,2026-07-29T11:54:01Z,developer-04,GetObject,s3,normal,0,,normal,False,0.130095,0.3142,0.1375,0.2612,LOW,"[""The activity occurred outside the home Region.""]"
evt-83ef3600-4858-4278-8fc2-283118a9ede1,2026-07-29T12:00:57Z,developer-03,GetCallerIdentity,sts,normal,0,,normal,False,0.144426,0.296,0.1125,0.2409,LOW,"[""The activity occurred outside the home Region.""]"
evt-14ed2a30-12bf-4e9d-b411-01fa1827687a,2026-07-29T12:12:05Z,developer-07,Query,dynamodb,normal,0,,normal,False,0.138468,0.3035,0.0375,0.2237,LOW,[]
evt-4b6a2559-fa87-4424-a176-31b5abd55748,2026-07-29T12:17:43Z,data-scientist-01,DescribeLogGroups,logs,normal,0,,normal,False,0.162639,0.2737,0.0125,0.1954,LOW,[]
evt-6e1283d1-8786-4b33-8ffe-9087593b875c,2026-07-29T12:18:01Z,ml-engineer-02,GetMetricData,cloudwatch,normal,0,,normal,False,0.154085,0.284,0.0125,0.2026,LOW,[]
evt-2bdc9aea-6d2b-4cb2-87bd-fa7994877f95,2026-07-29T12:26:24Z,developer-08,Query,dynamodb,normal,0,,suspicious,True,-0.043751,0.5653,0.2375,0.4669,MEDIUM,"[""The activity occurred outside the home Region."", ""The AWS API call failed.""]"
evt-32c3b3e9-5257-4491-aefa-a86eed838a34,2026-07-29T12:26:29Z,data-scientist-02,DescribeLogGroups,logs,normal,0,,normal,False,0.137523,0.3047,0.1125,0.247,LOW,"[""The activity occurred outside the home Region.""]"
evt-4518167e-fbcf-449c-a739-a6d32e4f7015,2026-07-29T12:26:39Z,ml-engineer-01,DescribeLogGroups,logs,normal,0,,normal,False,0.144426,0.296,0.1125,0.2409,LOW,"[""The activity occurred outside the home Region.""]"
evt-57e94052-2a65-4195-898c-56182acd6a73,2026-07-29T12:29:46Z,ml-engineer-01,GetObject,s3,normal,0,,suspicious,True,-0.019322,0.529,0.1375,0.4115,MEDIUM,"[""The activity occurred outside the home Region.""]"
evt-6bdf0734-b2eb-448a-865b-363499a8ebe5,2026-07-29T12:30:30Z,developer-05,Query,dynamodb,normal,0,,normal,False,0.151887,0.2867,0.0375,0.212,LOW,[]
evt-25a71a1d-4ced-4a93-b9ad-290d74d9fa2e,2026-07-29T12:32:04Z,developer-06,GetObject,s3,normal,0,,normal,False,0.127375,0.3177,0.1375,0.2637,LOW,"[""The activity occurred outside the home Region.""]"
evt-a03ffc50-b932-46fc-b6b2-f08582cfa532,2026-07-29T12:33:55Z,developer-02,PutObject,s3,normal,0,,normal,False,0.088916,0.3697,0.05,0.2738,LOW,[]
evt-ad6a1797-1ab4-4aac-88af-511624789ebd,2026-07-29T12:37:05Z,data-scientist-02,Query,dynamodb,normal,0,,normal,False,0.067901,0.3995,0.1375,0.3209,LOW,"[""The activity occurred outside the home Region.""]"
evt-3fa9ea0f-1874-4cdc-a2d2-c69e051ec0f0,2026-07-29T12:38:44Z,data-scientist-02,DescribeLogGroups,logs,normal,0,,suspicious,True,-0.032929,0.5492,0.0125,0.3882,LOW,[]
evt-5e4ceb9a-ed26-405c-abf7-1a786ca336cf,2026-07-29T12:54:19Z,ml-engineer-01,DescribeInstances,ec2,normal,0,,normal,False,0.092875,0.3642,0.025,0.2624,LOW,[]
evt-ac731d67-d171-471c-844b-7ba75701491b,2026-07-29T12:55:00Z,ml-engineer-03,DescribeTable,dynamodb,normal,0,,normal,False,0.156834,0.2807,0.12,0.2325,LOW,"[""The activity occurred outside the home Region.""]"
evt-9bb85622-c7d5-4e4f-97d7-a6740386edf4,2026-07-29T13:01:08Z,data-scientist-03,GetObject,s3,normal,0,,normal,False,0.150067,0.289,0.0375,0.2135,LOW,[]
evt-e9407152-f7e8-4ac4-935b-8d4db9ce2aaf,2026-07-29T13:05:25Z,ml-engineer-03,ListFunctions,lambda,normal,0,,normal,False,0.157711,0.2796,0.02,0.2017,LOW,[]
evt-d920eba0-bd61-48c6-bfab-3aca0a775305,2026-07-29T13:07:59Z,ml-engineer-02,GetMetricData,cloudwatch,normal,0,,normal,False,0.154054,0.2841,0.0125,0.2026,LOW,[]
evt-18c892b6-db3a-42cc-8431-aa04acb3990f,2026-07-29T13:10:39Z,developer-05,DescribeTable,dynamodb,normal,0,,normal,False,0.157711,0.2796,0.02,0.2017,LOW,[]
evt-1a99db62-55f0-4086-98fb-ec4bbf02334c,2026-07-29T13:21:43Z,ml-engineer-01,ListFunctions,lambda,normal,0,,normal,False,0.024543,0.4633,0.12,0.3603,LOW,"[""The activity occurred outside the home Region.""]"
evt-eb49a3ef-75aa-4d4b-a41c-7db489abccc1,2026-07-29T13:23:32Z,developer-08,ListFunctions,lambda,normal,0,,normal,False,0.145255,0.2949,0.12,0.2425,LOW,"[""The activity occurred outside the home Region.""]"
evt-03e353b9-3bdb-4dda-af63-bbf7d7d40d6d,2026-07-29T13:26:56Z,ml-engineer-03,GetMetricData,cloudwatch,normal,0,,normal,False,0.084952,0.3753,0.0125,0.2664,LOW,[]
evt-6255ccee-e9dc-4900-934b-39b917d68c30,2026-07-29T13:28:06Z,developer-03,GetObject,s3,normal,0,,normal,False,0.131957,0.3118,0.1375,0.2595,LOW,"[""The activity occurred outside the home Region.""]"
evt-204f9ab7-5ba5-4279-87ad-f73035e6d52a,2026-07-29T13:43:00Z,developer-01,GetObject,s3,normal,0,,normal,False,0.131957,0.3118,0.1375,0.2595,LOW,"[""The activity occurred outside the home Region.""]"
evt-f0bf3b9e-00bb-44bc-9f85-5037274e7529,2026-07-29T14:02:22Z,developer-01,DescribeInstances,ec2,normal,0,,normal,False,0.146504,0.2934,0.125,0.2429,LOW,"[""The activity occurred outside the home Region.""]"
evt-98721a57-b731-47ed-bdb5-1b5d1d8b62c4,2026-07-29T14:19:52Z,developer-01,DescribeInstances,ec2,normal,0,,normal,False,0.099664,0.3548,0.025,0.2559,LOW,[]
evt-d49bdf07-3a54-4500-a4b0-81c1540246da,2026-07-29T14:31:54Z,data-scientist-03,PutObject,s3,normal,0,,normal,False,0.095018,0.3612,0.05,0.2678,LOW,[]
evt-5bde2933-51a3-43c3-a441-e83fac3afb95,2026-07-29T14:43:31Z,developer-03,GetObject,s3,normal,0,,normal,False,0.153736,0.2845,0.0375,0.2104,LOW,[]
evt-092ba5bd-1329-4a71-8c49-400c36e852fa,2026-07-29T14:43:32Z,data-scientist-01,GetCallerIdentity,sts,normal,0,,normal,False,0.165134,0.2708,0.0125,0.1933,LOW,[]
evt-bc4ded0d-92d0-48d6-bc01-3ff764204294,2026-07-29T14:50:38Z,ml-engineer-01,Query,dynamodb,normal,0,,normal,False,0.132958,0.3105,0.1375,0.2586,LOW,"[""The activity occurred outside the home Region.""]"
evt-e61dc3db-144e-4140-9625-8e09e5e33752,2026-07-29T15:04:31Z,developer-04,GetMetricData,cloudwatch,normal,0,,normal,False,0.141545,0.2996,0.1125,0.2435,LOW,"[""The activity occurred outside the home Region.""]"
evt-9cf17706-43d5-4910-97cc-b76e5cade4ce,2026-07-29T15:13:54Z,developer-03,DescribeLogGroups,logs,normal,0,,normal,False,0.134058,0.3091,0.1125,0.2501,LOW,"[""The activity occurred outside the home Region.""]"
evt-114a92ae-a65e-44c7-b24e-5bad1f2e8afe,2026-07-29T15:20:41Z,ml-engineer-03,GetObject,s3,normal,0,,normal,False,0.128949,0.3157,0.1375,0.2622,LOW,"[""The activity occurred outside the home Region.""]"
evt-b40799fa-12c2-426d-ad24-820ef90fc965,2026-07-29T15:21:40Z,data-scientist-01,DescribeLogGroups,logs,normal,0,,normal,False,0.134058,0.3091,0.1125,0.2501,LOW,"[""The activity occurred outside the home Region.""]"
evt-b93fdee2-f2df-4188-9c02-e80938dda5a3,2026-07-29T15:22:37Z,data-scientist-01,GetCallerIdentity,sts,normal,0,,suspicious,True,-0.038755,0.5579,0.1125,0.4243,MEDIUM,"[""The activity occurred outside the home Region.""]"
evt-e24f7bb6-15ba-4fb9-9873-d97ab564b6e4,2026-07-29T15:22:45Z,developer-01,PutObject,s3,normal,0,,normal,False,0.072652,0.3927,0.15,0.3199,LOW,"[""The activity occurred outside the home Region.""]"
evt-f097bb7b-d0f5-42e4-9b41-d2c72bb64bcd,2026-07-29T15:30:47Z,developer-07,GetObject,s3,normal,0,,normal,False,0.150033,0.289,0.0375,0.2136,LOW,[]
evt-8187d8ab-e388-4117-aa34-e70077282e4b,2026-07-29T15:39:54Z,data-scientist-03,DescribeInstances,ec2,normal,0,,normal,False,0.166416,0.2692,0.025,0.196,LOW,[]
evt-5b2d9869-d4f6-4655-a1b2-bc92487e5262,2026-07-29T15:43:34Z,developer-07,PutObject,s3,normal,0,,normal,False,0.082523,0.3787,0.05,0.2801,LOW,[]
evt-eebf1ef1-45fe-4f68-954f-fa121a69171c,2026-07-29T15:56:56Z,data-scientist-01,ListFunctions,lambda,normal,0,,normal,False,0.093637,0.3631,0.02,0.2602,LOW,[]
evt-8447ec00-6151-44af-9caa-2a5c5b0aefcc,2026-07-29T15:57:39Z,data-scientist-03,DescribeTable,dynamodb,normal,0,,suspicious,True,-0.032036,0.5479,0.22,0.4495,MEDIUM,"[""The activity occurred outside the home Region."", ""The AWS API call failed.""]"
evt-5ecd4350-fac6-4485-a718-7dfb2524354a,2026-07-29T15:58:50Z,ml-engineer-01,PutObject,s3,normal,0,,normal,False,0.090139,0.368,0.05,0.2726,LOW,[]
evt-2f8ff605-2508-45d8-9e59-5f62f63cba74,2026-07-29T16:01:24Z,developer-03,DescribeInstances,ec2,normal,0,,normal,False,0.153321,0.285,0.025,0.207,LOW,[]
evt-87747da5-b6e5-4f72-bacb-78461cb2f595,2026-07-29T16:25:10Z,developer-05,DescribeInstances,ec2,normal,0,,normal,False,0.160453,0.2763,0.025,0.2009,LOW,[]
evt-7c9376c3-3119-4c62-9e6b-b2f0b1320254,2026-07-29T16:32:54Z,developer-06,DescribeInstances,ec2,normal,0,,normal,False,0.160453,0.2763,0.025,0.2009,LOW,[]
evt-590a48e0-b11d-4345-ac45-cb18effb2338,2026-07-29T16:34:09Z,developer-02,ListFunctions,lambda,normal,0,,normal,False,0.160443,0.2763,0.02,0.1994,LOW,[]
evt-cf966a4a-dcac-46fb-9780-1fc5f0a8e047,2026-07-29T16:58:05Z,data-scientist-01,ListBuckets,s3,normal,0,,normal,False,0.143787,0.2968,0.125,0.2452,LOW,"[""The activity occurred outside the home Region.""]"
evt-5e50168f-25d6-4cdc-b746-b7e010bf4d24,2026-07-29T17:03:15Z,developer-06,GetMetricData,cloudwatch,normal,0,,normal,False,0.111248,0.3391,0.1125,0.2711,LOW,"[""The activity occurred outside the home Region.""]"
evt-c8fe291f-d0f7-490e-9457-a014c48e4571,2026-07-29T17:10:35Z,ml-engineer-03,GetObject,s3,normal,0,,normal,False,0.136769,0.3056,0.0375,0.2252,LOW,[]
evt-4bd73e3c-6ac2-4768-b836-194949ab7b5b,2026-07-29T17:20:36Z,ml-engineer-02,DescribeInstances,ec2,normal,0,,normal,False,0.153954,0.2842,0.025,0.2064,LOW,[]
evt-5d937baa-7db3-4409-a5de-cd1a1cb44f68,2026-07-29T17:22:45Z,data-scientist-01,DescribeInstances,ec2,normal,0,,normal,False,0.124021,0.3221,0.125,0.263,LOW,"[""The activity occurred outside the home Region.""]"
evt-a9592c5c-3f0e-4c14-8258-e6e858b197e8,2026-07-29T17:24:25Z,developer-03,DescribeTable,dynamodb,normal,0,,normal,False,0.152952,0.2854,0.02,0.2058,LOW,[]
evt-9fa80fb2-c5cb-47f2-a5ba-b2fe069782c3,2026-07-29T17:27:23Z,ml-engineer-01,GetCallerIdentity,sts,normal,0,,normal,False,0.148566,0.2908,0.0125,0.2073,LOW,[]
evt-06180d4f-fc38-4ef8-9356-fd5e5cd4e5df,2026-07-29T17:30:12Z,developer-02,GetMetricData,cloudwatch,normal,0,,normal,False,0.136028,0.3066,0.0125,0.2184,LOW,[]
evt-ab4bda63-5c15-459e-ab64-ab764b95f65f,2026-07-29T17:32:17Z,ml-engineer-03,Query,dynamodb,normal,0,,normal,False,0.123402,0.3229,0.0375,0.2373,LOW,[]
evt-711d0527-2ffe-46ce-aa09-59086c96ce81,2026-07-29T17:42:32Z,developer-05,Query,dynamodb,normal,0,,normal,False,0.136769,0.3056,0.0375,0.2252,LOW,[]
evt-f76dad0d-addc-48d5-a00e-14abde7f54c6,2026-07-29T17:55:44Z,ml-engineer-01,GetObject,s3,normal,0,,normal,False,0.123402,0.3229,0.0375,0.2373,LOW,[]
evt-05569f6f-e828-49ea-bf63-e83c63d1268e,2026-07-29T18:04:59Z,developer-08,ListBuckets,s3,normal,0,,normal,False,0.117152,0.3312,0.125,0.2693,LOW,"[""The activity occurred outside the home Region.""]"
evt-65d3bd27-de1b-4c10-809e-e07acebdfec7,2026-07-29T18:16:41Z,ml-engineer-01,GetObject,s3,normal,0,,normal,False,0.038624,0.4423,0.1375,0.3509,LOW,"[""The activity occurred outside the home Region.""]"
evt-5b28f462-b02e-487f-95a5-9a8e94a67dc3,2026-07-29T18:25:08Z,data-scientist-03,GetObject,s3,normal,0,,normal,False,0.12337,0.323,0.0375,0.2373,LOW,[]
evt-73d66d67-9ea5-4a91-bb7b-51297121788c,2026-07-29T18:37:08Z,developer-01,GetMetricData,cloudwatch,normal,0,,normal,False,0.134904,0.308,0.0125,0.2194,LOW,[]
evt-f90eaaf6-9baa-469c-b19a-496b9ddb0d44,2026-07-29T18:38:08Z,developer-05,ListFunctions,lambda,normal,0,,normal,False,0.134839,0.3081,0.02,0.2217,LOW,[]
evt-0595655a-f997-424b-a755-bf27bdf326fb,2026-07-29T18:45:28Z,data-scientist-01,PutObject,s3,normal,0,,normal,False,0.06616,0.402,0.05,0.2964,LOW,[]
evt-da9e9b00-9b9a-44bc-9ee2-3817a86df587,2026-07-29T18:48:49Z,ml-engineer-03,ListBuckets,s3,normal,0,,normal,False,0.141636,0.2995,0.025,0.2171,LOW,[]
evt-64457529-56c9-43fe-9a38-a08b6e889f55,2026-07-29T22:03:21Z,developer-08,CreateAccessKey,iam,suspicious,1,privilege-escalation,suspicious,True,-0.10022,0.646,0.8875,0.7184,HIGH,"[""The event performed a sensitive operation."", ""The event happened at an unusual time."", ""The activity came from an external IP."", ""The activity occurred outside the home Region."", ""The AWS API action has a high security risk.""]"
evt-f90c3949-13c1-43c9-b05e-0532cda2092f,2026-07-29T23:35:40Z,ml-engineer-02,ListRoles,iam,suspicious,1,reconnaissance,suspicious,True,-0.170104,0.7351,0.93,0.7936,HIGH,"[""The event performed a sensitive operation."", ""The event happened at an unusual time."", ""The activity came from an external IP."", ""The activity occurred outside the home Region."", ""The AWS API call failed."", ""The AWS API action has a high security risk.""]"
evt-bdcfa7ba-7eb0-4cbc-b8bf-8877a59537ae,2026-07-30T00:01:04Z,ml-engineer-02,ConsoleLogin,signin,suspicious,1,credential-compromise,suspicious,True,-0.144063,0.7036,0.8625,0.7513,HIGH,"[""The event performed a sensitive operation."", ""The event happened at an unusual time."", ""The activity came from an external IP."", ""The activity occurred outside the home Region."", ""The AWS API action has a high security risk.""]"
evt-838b1d07-2da9-48cc-8112-d9937f1d504e,2026-07-30T00:21:45Z,developer-04,ConsoleLogin,signin,suspicious,1,credential-compromise,suspicious,True,-0.108367,0.6571,0.8625,0.7187,HIGH,"[""The event performed a sensitive operation."", ""The event happened at an unusual time."", ""The activity came from an external IP."", ""The activity occurred outside the home Region."", ""The AWS API action has a high security risk.""]"
evt-ae50fee1-d019-4c35-9f38-4695d4783b4a,2026-07-30T00:38:12Z,data-scientist-02,SelectObjectContent,s3,suspicious,1,data-exfiltration,suspicious,True,-0.108367,0.6571,0.87,0.7209,HIGH,"[""The event performed a sensitive operation."", ""The event happened at an unusual time."", ""The activity came from an external IP."", ""The activity occurred outside the home Region."", ""The AWS API action has a high security risk.""]"
evt-0cb4c595-8a3b-4daa-b23b-e98b07186adc,2026-07-30T01:15:21Z,developer-04,DeleteTrail,cloudtrail,suspicious,1,defense-evasion,suspicious,True,-0.105197,0.6528,0.9,0.7269,HIGH,"[""The event performed a sensitive operation."", ""The event happened at an unusual time."", ""The activity came from an external IP."", ""The activity occurred outside the home Region."", ""The AWS API action has a high security risk.""]"
evt-24fc3df5-fea2-4342-989b-63d33c35e0c8,2026-07-30T01:27:22Z,developer-04,GetSessionToken,sts,suspicious,1,credential-compromise,suspicious,True,-0.105197,0.6528,0.85,0.7119,HIGH,"[""The event performed a sensitive operation."", ""The event happened at an unusual time."", ""The activity came from an external IP."", ""The activity occurred outside the home Region."", ""The AWS API action has a high security risk.""]"
evt-515024dc-63f8-48ca-9b5e-728e99a8f32c,2026-07-30T03:17:44Z,developer-04,ConsoleLogin,signin,suspicious,1,credential-compromise,suspicious,True,-0.093104,0.6361,0.8625,0.704,HIGH,"[""The event performed a sensitive operation."", ""The event happened at an unusual time."", ""The activity came from an external IP."", ""The activity occurred outside the home Region."", ""The AWS API action has a high security risk.""]"
evt-51f6d9af-884f-411e-835a-68e32c68e199,2026-07-30T03:52:36Z,ml-engineer-03,PutBucketPolicy,s3,suspicious,1,public-exposure,suspicious,True,-0.093104,0.6361,0.88,0.7093,HIGH,"[""The event performed a sensitive operation."", ""The event happened at an unusual time."", ""The activity came from an external IP."", ""The activity occurred outside the home Region."", ""The AWS API action has a high security risk.""]"
evt-688b1a9d-bf2e-4343-bcf5-b1c49f913a8a,2026-07-30T04:57:56Z,data-scientist-02,StopLogging,cloudtrail,suspicious,1,defense-evasion,suspicious,True,-0.15882,0.7217,1.0,0.8052,HIGH,"[""The event performed a sensitive operation."", ""The event happened at an unusual time."", ""The activity came from an external IP."", ""The activity occurred outside the home Region."", ""The AWS API call failed."", ""The AWS API action has a high security risk.""]"
evt-9c7c9515-1392-4182-950d-fbd0257e6a52,2026-07-30T05:00:58Z,ml-engineer-01,ListUsers,iam,suspicious,1,reconnaissance,suspicious,True,-0.082794,0.6217,0.825,0.6827,MEDIUM,"[""The event performed a sensitive operation."", ""The event happened at an unusual time."", ""The activity came from an external IP."", ""The activity occurred outside the home Region."", ""The AWS API action has a high security risk.""]"
evt-d28d0748-adda-4ee7-bee7-2e757f6a169a,2026-07-30T05:14:51Z,developer-07,ListUsers,iam,suspicious,1,reconnaissance,suspicious,True,-0.082794,0.6217,0.825,0.6827,MEDIUM,"[""The event performed a sensitive operation."", ""The event happened at an unusual time."", ""The activity came from an external IP."", ""The activity occurred outside the home Region."", ""The AWS API action has a high security risk.""]"
evt-a08aa5b4-9f1e-4471-a711-96560ac5887a,2026-07-30T05:23:31Z,ml-engineer-02,BatchGetItem,dynamodb,suspicious,1,data-exfiltration,suspicious,True,-0.082794,0.6217,0.855,0.6917,MEDIUM,"[""The event performed a sensitive operation."", ""The event happened at an unusual time."", ""The activity came from an external IP."", ""The activity occurred outside the home Region."", ""The AWS API action has a high security risk.""]"
evt-bb1e3ab3-073e-4155-bc77-27ddf383ef85,2026-07-30T05:47:13Z,developer-07,ListBuckets,s3,normal,0,,suspicious,True,-0.088299,0.6294,0.175,0.4931,MEDIUM,"[""The event happened at an unusual time.""]"
evt-0f506147-2948-4277-9cca-24da1880fda7,2026-07-30T05:58:41Z,developer-03,BatchGetItem,dynamodb,suspicious,1,data-exfiltration,suspicious,True,-0.158588,0.7214,0.955,0.7915,HIGH,"[""The event performed a sensitive operation."", ""The event happened at an unusual time."", ""The activity came from an external IP."", ""The activity occurred outside the home Region."", ""The AWS API call failed."", ""The AWS API action has a high security risk.""]"
evt-e1b15fab-30e3-4a04-8ec8-bdd8ffa98333,2026-07-30T07:47:03Z,ml-engineer-03,DescribeInstances,ec2,normal,0,,normal,False,0.130485,0.3137,0.025,0.2271,LOW,[]
evt-27d59c5c-07de-41bf-9ff0-dd442faf3fbb,2026-07-30T08:05:10Z,developer-07,DescribeTable,dynamodb,normal,0,,normal,False,0.125859,0.3197,0.12,0.2598,LOW,"[""The activity occurred outside the home Region.""]"
evt-04d3903b-c0c1-4870-94cf-9c2f48d62d3d,2026-07-30T08:05:29Z,data-scientist-03,GetObject,s3,normal,0,,normal,False,0.107753,0.3438,0.1375,0.2819,LOW,"[""The activity occurred outside the home Region.""]"
evt-90fcb3f7-3431-4f3e-a233-a235e1f2e01b,2026-07-30T08:06:28Z,developer-05,GetObject,s3,normal,0,,normal,False,0.128785,0.3159,0.0375,0.2324,LOW,[]
evt-28dafc83-ebb0-4118-8c79-82a317b9594f,2026-07-30T08:09:48Z,data-scientist-01,DescribeInstances,ec2,normal,0,,normal,False,0.141061,0.3002,0.025,0.2176,LOW,[]
evt-c07f9219-4f3d-40b5-a41d-f235ecc68bb7,2026-07-30T08:19:29Z,ml-engineer-03,DescribeInstances,ec2,normal,0,,normal,False,0.110845,0.3396,0.125,0.2752,LOW,"[""The activity occurred outside the home Region.""]"
evt-6163c92d-4f83-46d4-9b66-0af92c918577,2026-07-30T08:21:00Z,developer-02,Query,dynamodb,normal,0,,normal,False,0.107753,0.3438,0.1375,0.2819,LOW,"[""The activity occurred outside the home Region.""]"
evt-5b59724c-394d-4395-a8f7-98134df873d3,2026-07-30T08:28:47Z,developer-07,ListBuckets,s3,normal,0,,normal,False,0.126414,0.319,0.025,0.2308,LOW,[]
evt-32477981-8cca-4b86-bb85-f5773a8830f1,2026-07-30T08:41:27Z,data-scientist-03,ListBuckets,s3,normal,0,,normal,False,0.126414,0.319,0.025,0.2308,LOW,[]
evt-19b8afe9-33e8-41a9-b978-7319a9bc62d0,2026-07-30T08:48:00Z,data-scientist-02,GetMetricData,cloudwatch,normal,0,,normal,False,0.133507,0.3098,0.0125,0.2206,LOW,[]
evt-2b726d9b-9944-4757-bc88-38695b9b5e0f,2026-07-30T09:03:27Z,developer-03,ListFunctions,lambda,normal,0,,normal,False,0.141038,0.3002,0.12,0.2462,LOW,"[""The activity occurred outside the home Region.""]"
evt-f7f6c54d-dbb7-4724-a5b7-977fc66f0438,2026-07-30T09:03:39Z,developer-08,DescribeInstances,ec2,normal,0,,normal,False,0.139693,0.3019,0.125,0.2488,LOW,"[""The activity occurred outside the home Region.""]"
evt-e8a2c0ef-f6cb-4616-a8b4-9b9ce8b2369e,2026-07-30T09:09:29Z,ml-engineer-02,Query,dynamodb,normal,0,,normal,False,0.121168,0.3259,0.1375,0.2693,LOW,"[""The activity occurred outside the home Region.""]"
evt-026ee98a-8cec-4d48-98bb-89c7c9d9a15e,2026-07-30T09:11:18Z,developer-02,PutObject,s3,normal,0,,normal,False,0.047207,0.4297,0.15,0.3458,LOW,"[""The activity occurred outside the home Region.""]"
evt-b7470ce5-5573-43fb-95de-3ccfe10ca662,2026-07-30T09:11:42Z,data-scientist-02,Query,dynamodb,normal,0,,normal,False,0.109157,0.3419,0.1375,0.2806,LOW,"[""The activity occurred outside the home Region.""]"
evt-299fa6e5-ab90-4348-9f57-caef8b095fbc,2026-07-30T09:17:05Z,developer-08,GetCallerIdentity,sts,normal,0,,normal,False,0.137307,0.3049,0.0125,0.2172,LOW,[]
evt-35434b1e-c142-48f2-b02e-012d10501c49,2026-07-30T09:24:42Z,ml-engineer-03,PutObject,s3,normal,0,,normal,False,0.073917,0.3909,0.05,0.2886,LOW,[]
evt-2fe9fa41-ab5e-45f6-8c2d-dd78187944fd,2026-07-30T09:27:20Z,developer-08,Query,dynamodb,normal,0,,normal,False,0.064067,0.4051,0.0375,0.2948,LOW,[]
evt-30cf8faf-0954-487c-b140-c0c2eaeceb1b,2026-07-30T09:34:16Z,developer-04,GetCallerIdentity,sts,normal,0,,normal,False,0.143472,0.2972,0.0125,0.2118,LOW,[]
evt-d88884b0-29a7-4cef-b94a-2d3db93f0891,2026-07-30T09:47:00Z,developer-07,DescribeInstances,ec2,normal,0,,normal,False,0.15149,0.2872,0.025,0.2086,LOW,[]
evt-eb6a7410-40a3-45b9-8b71-26fb48ef6d70,2026-07-30T09:50:39Z,ml-engineer-02,GetObject,s3,normal,0,,normal,False,0.109157,0.3419,0.1375,0.2806,LOW,"[""The activity occurred outside the home Region.""]"
evt-ad1de559-c594-4bf1-9f0e-0de157cac6cc,2026-07-30T09:56:01Z,data-scientist-03,ListFunctions,lambda,normal,0,,normal,False,0.141038,0.3002,0.12,0.2462,LOW,"[""The activity occurred outside the home Region.""]"
evt-dc380b50-bdc7-4892-97b0-afe68a1a6b81,2026-07-30T09:58:00Z,developer-02,GetMetricData,cloudwatch,normal,0,,normal,False,0.121284,0.3257,0.1125,0.2617,LOW,"[""The activity occurred outside the home Region.""]"
evt-67eb001a-234d-4d9c-aa67-986b56e9bbfc,2026-07-30T10:02:34Z,developer-01,ListFunctions,lambda,normal,0,,normal,False,0.159246,0.2778,0.02,0.2004,LOW,[]
evt-fddfb2ad-e863-45d4-ac2d-0f038159c4f0,2026-07-30T10:04:08Z,ml-engineer-01,ListBuckets,s3,normal,0,,normal,False,0.145206,0.295,0.125,0.244,LOW,"[""The activity occurred outside the home Region.""]"
evt-eccd2b8e-7b49-4a74-9eeb-f126bcf82cde,2026-07-30T10:11:18Z,developer-01,GetCallerIdentity,sts,normal,0,,normal,False,0.147052,0.2927,0.0125,0.2086,LOW,[]
evt-41e17490-bdab-412c-a4ec-24ede82e5101,2026-07-30T10:15:29Z,data-scientist-01,Query,dynamodb,normal,0,,normal,False,0.145703,0.2944,0.0375,0.2173,LOW,[]
evt-486ec259-27a3-45b1-901d-a1aac969f0fe,2026-07-30T10:57:58Z,developer-01,ListBuckets,s3,normal,0,,normal,False,0.086562,0.373,0.025,0.2686,LOW,[]
evt-46a576fb-c340-4f78-852a-64b74bb75e63,2026-07-30T11:08:00Z,developer-06,GetObject,s3,normal,0,,normal,False,0.151583,0.2871,0.0375,0.2122,LOW,[]
evt-4912c968-c54a-40b0-a619-a7fa5d6d9379,2026-07-30T11:12:03Z,developer-03,Query,dynamodb,normal,0,,normal,False,0.151583,0.2871,0.0375,0.2122,LOW,[]
evt-0d8bf164-9e87-4828-9412-74c2dce70387,2026-07-30T11:18:16Z,developer-01,GetObject,s3,normal,0,,normal,False,0.136416,0.3061,0.0375,0.2255,LOW,[]
evt-94e47218-075c-4934-a474-6f4ff2358668,2026-07-30T11:26:16Z,data-scientist-02,DescribeInstances,ec2,normal,0,,normal,False,0.164565,0.2714,0.025,0.1975,LOW,[]
evt-ca5f9f9a-faaf-48e8-a049-75ea20a255e5,2026-07-30T11:34:57Z,ml-engineer-02,ListFunctions,lambda,normal,0,,normal,False,0.163522,0.2727,0.02,0.1969,LOW,[]
evt-3fcaf9fc-2128-4506-8b8f-b512675e83a1,2026-07-30T11:50:36Z,ml-engineer-03,ListBuckets,s3,normal,0,,normal,False,0.164565,0.2714,0.025,0.1975,LOW,[]
evt-e42ad1ce-622d-43c3-997f-30bf8a5f3035,2026-07-30T11:50:50Z,developer-05,ListBuckets,s3,normal,0,,normal,False,0.164565,0.2714,0.025,0.1975,LOW,[]
evt-c2739d45-d821-4b34-8140-5d21696ce013,2026-07-30T11:56:15Z,data-scientist-02,ListFunctions,lambda,normal,0,,normal,False,0.153475,0.2848,0.02,0.2053,LOW,[]
evt-73aa3e37-3658-4029-be63-306aced7a58f,2026-07-30T11:56:37Z,data-scientist-03,GetMetricData,cloudwatch,normal,0,,normal,False,0.15802,0.2793,0.0125,0.1992,LOW,[]
evt-af3337ce-b549-441c-a5e8-69ba156757af,2026-07-30T12:13:27Z,data-scientist-02,DescribeTable,dynamodb,normal,0,,normal,False,0.081392,0.3803,0.12,0.3022,LOW,"[""The activity occurred outside the home Region.""]"
evt-c3b3d27e-2c5c-4629-825b-321f24ebbd23,2026-07-30T12:24:11Z,data-scientist-01,ListFunctions,lambda,normal,0,,normal,False,0.166103,0.2696,0.02,0.1947,LOW,[]
evt-d08925fb-d720-4b27-82c2-2cc7bd410366,2026-07-30T12:32:34Z,ml-engineer-03,PutObject,s3,normal,0,,normal,False,0.065765,0.4026,0.15,0.3268,LOW,"[""The activity occurred outside the home Region.""]"
evt-447deabd-9f36-4de3-aed1-2f482b9d61f5,2026-07-30T12:49:46Z,data-scientist-02,ListFunctions,lambda,normal,0,,normal,False,0.090078,0.3681,0.02,0.2637,LOW,[]
evt-7f352c82-b8c8-4186-8c8d-094f4c8510cc,2026-07-30T12:52:09Z,developer-07,GetObject,s3,normal,0,,normal,False,0.151887,0.2867,0.0375,0.212,LOW,[]
evt-38d3d950-ef9f-4d98-b5ae-a6719b0dd29b,2026-07-30T12:55:42Z,developer-03,DescribeLogGroups,logs,normal,0,,normal,False,0.162639,0.2737,0.0125,0.1954,LOW,[]
evt-e9439eea-ed3b-4130-88c2-dad1058eeb0a,2026-07-30T13:05:20Z,developer-01,Query,dynamodb,normal,0,,normal,False,0.131957,0.3118,0.1375,0.2595,LOW,"[""The activity occurred outside the home Region.""]"
evt-5a09cc71-5a34-4916-933e-6d0cdb1878b7,2026-07-30T13:15:00Z,ml-engineer-03,ListFunctions,lambda,normal,0,,normal,False,0.145255,0.2949,0.12,0.2425,LOW,"[""The activity occurred outside the home Region.""]"
evt-b0181c2f-6687-4602-898e-5399400a4fc5,2026-07-30T13:18:41Z,developer-03,DescribeLogGroups,logs,normal,0,,normal,False,0.138266,0.3037,0.1125,0.2464,LOW,"[""The activity occurred outside the home Region.""]"
evt-778325f2-ec8c-4b9a-9aa9-d49f6e3dcdf6,2026-07-30T13:24:34Z,ml-engineer-02,ListBuckets,s3,normal,0,,normal,False,0.153268,0.285,0.125,0.237,LOW,"[""The activity occurred outside the home Region.""]"
evt-79f9b3e5-e6ff-4d83-aa4e-e30682e53150,2026-07-30T13:44:36Z,ml-engineer-02,DescribeLogGroups,logs,normal,0,,normal,False,0.138266,0.3037,0.1125,0.2464,LOW,"[""The activity occurred outside the home Region.""]"
evt-d608bf1c-6f55-4b9f-99e8-6da7cfb221b9,2026-07-30T13:50:09Z,developer-03,GetObject,s3,normal,0,,normal,False,0.138369,0.3036,0.0375,0.2238,LOW,[]
evt-6df0c044-32df-4624-a6ad-fccc366e3f30,2026-07-30T13:54:27Z,developer-03,GetCallerIdentity,sts,normal,0,,suspicious,True,-0.038516,0.5575,0.1125,0.424,MEDIUM,"[""The activity occurred outside the home Region.""]"
evt-9499db59-7fe2-4bdb-88c3-ab15f712b5ac,2026-07-30T14:15:13Z,data-scientist-03,PutObject,s3,normal,0,,normal,False,0.095018,0.3612,0.05,0.2678,LOW,[]
evt-03b998f1-5e16-49fd-8f58-e25974466656,2026-07-30T14:16:56Z,developer-04,GetMetricData,cloudwatch,normal,0,,normal,False,0.143378,0.2973,0.1125,0.2418,LOW,"[""The activity occurred outside the home Region.""]"
evt-b082d688-d309-4f9e-bf12-12248714d34e,2026-07-30T14:29:15Z,developer-05,DescribeTable,dynamodb,normal,0,,normal,False,0.156146,0.2815,0.12,0.2331,LOW,"[""The activity occurred outside the home Region.""]"
evt-0f3b48f5-b775-487b-9d80-b7e7df493240,2026-07-30T14:36:20Z,developer-05,DescribeTable,dynamodb,normal,0,,normal,False,0.160606,0.2762,0.02,0.1993,LOW,[]
evt-2cc61ba1-1d2d-4876-860c-c77891fde06f,2026-07-30T14:46:46Z,data-scientist-02,DescribeLogGroups,logs,normal,0,,normal,False,0.165134,0.2708,0.0125,0.1933,LOW,[]
evt-617ec60a-4cce-403b-b301-ddd473e3b28c,2026-07-30T14:50:29Z,ml-engineer-02,DescribeLogGroups,logs,normal,0,,normal,False,0.165134,0.2708,0.0125,0.1933,LOW,[]
evt-4335af60-95fb-458f-8cef-0cb0a21f6c5f,2026-07-30T14:51:18Z,data-scientist-03,AttachUserPolicy,iam,suspicious,1,privilege-escalation,normal,False,0.071343,0.3946,0.745,0.4997,MEDIUM,"[""The event performed a sensitive operation."", ""The activity came from an external IP."", ""The activity occurred outside the home Region."", ""The AWS API action has a high security risk.""]"
evt-73f6d84d-27e4-44ee-9dd2-caa822fb3190,2026-07-30T15:02:43Z,ml-engineer-01,GetObject,s3,normal,0,,normal,False,0.128949,0.3157,0.1375,0.2622,LOW,"[""The activity occurred outside the home Region.""]"
evt-1df00bff-74fa-440e-8b74-cd17ea31878e,2026-07-30T15:07:42Z,ml-engineer-01,DescribeTable,dynamodb,normal,0,,normal,False,0.009696,0.4855,0.02,0.3458,LOW,[]
evt-bf1ab26c-7b01-4d45-ac8b-7e9fb628d064,2026-07-30T15:15:14Z,ml-engineer-03,DescribeLogGroups,logs,normal,0,,normal,False,0.163367,0.2729,0.0125,0.1947,LOW,[]
evt-c322b055-c551-4a89-bf89-0fc9618f3a00,2026-07-30T15:16:28Z,data-scientist-02,DescribeLogGroups,logs,normal,0,,normal,False,0.134058,0.3091,0.1125,0.2501,LOW,"[""The activity occurred outside the home Region.""]"
evt-e6a82d25-f13e-4796-b04f-94c5a4c55006,2026-07-30T15:19:27Z,ml-engineer-02,DescribeLogGroups,logs,normal,0,,suspicious,True,-0.039001,0.5582,0.2125,0.4545,MEDIUM,"[""The activity occurred outside the home Region."", ""The AWS API call failed.""]"
evt-f1dc014b-264e-4aa2-9fac-0066daf8f55b,2026-07-30T15:20:32Z,developer-07,ListFunctions,lambda,normal,0,,normal,False,0.154149,0.284,0.12,0.2348,LOW,"[""The activity occurred outside the home Region.""]"
evt-c042a123-f6f1-463b-be37-8941cc7c107e,2026-07-30T15:25:01Z,developer-06,DescribeLogGroups,logs,normal,0,,normal,False,0.163367,0.2729,0.0125,0.1947,LOW,[]
evt-b5ce40f1-13fb-47a2-b2ee-926a77289407,2026-07-30T15:27:38Z,developer-02,GetCallerIdentity,sts,normal,0,,normal,False,0.141545,0.2996,0.1125,0.2435,LOW,"[""The activity occurred outside the home Region.""]"
evt-da7c1253-56e8-4b2d-98e7-46fa9e64e244,2026-07-30T15:34:06Z,developer-03,GetMetricData,cloudwatch,normal,0,,normal,False,0.141545,0.2996,0.1125,0.2435,LOW,"[""The activity occurred outside the home Region.""]"
evt-402a539e-26e6-4e34-afe0-b877dcc00c25,2026-07-30T15:45:12Z,data-scientist-03,ListBuckets,s3,normal,0,,normal,False,0.095979,0.3599,0.025,0.2594,LOW,[]
evt-ec4edae9-c70b-49e3-bdcf-825ef75203f4,2026-07-30T15:45:36Z,developer-05,DescribeTable,dynamodb,normal,0,,normal,False,0.154149,0.284,0.12,0.2348,LOW,"[""The activity occurred outside the home Region.""]"
evt-833a0f96-f0ef-4156-88c0-0f388fe21bcc,2026-07-30T15:47:21Z,developer-05,GetCallerIdentity,sts,normal,0,,normal,False,0.003193,0.4952,0.0125,0.3504,LOW,[]
evt-8af1a393-edc8-4d5c-a9bf-c9e183a4c713,2026-07-30T15:48:57Z,developer-07,Query,dynamodb,normal,0,,normal,False,0.136386,0.3061,0.0375,0.2255,LOW,[]
evt-309d233e-a2ab-4d03-b6fe-95ca19bc7a51,2026-07-30T15:50:05Z,data-scientist-03,ListBuckets,s3,normal,0,,suspicious,True,-0.065629,0.5972,0.025,0.4255,MEDIUM,[]
evt-177f85f0-60a9-4008-a01e-bfebc373d867,2026-07-30T15:50:36Z,ml-engineer-01,Query,dynamodb,normal,0,,normal,False,0.078527,0.3843,0.0375,0.2803,LOW,[]
evt-559ba9c6-9dbf-4505-8d41-7d28c4d62338,2026-07-30T15:55:02Z,data-scientist-01,GetCallerIdentity,sts,normal,0,,normal,False,0.163367,0.2729,0.0125,0.1947,LOW,[]
evt-90a1d376-3d26-4185-8e44-aaa186c958ee,2026-07-30T15:58:05Z,developer-02,GetObject,s3,normal,0,,normal,False,0.136386,0.3061,0.0375,0.2255,LOW,[]
evt-13e453b2-a7cc-46d8-a534-aeeb308a9a19,2026-07-30T15:58:34Z,developer-06,ListBuckets,s3,normal,0,,normal,False,0.143176,0.2975,0.125,0.2458,LOW,"[""The activity occurred outside the home Region.""]"
evt-590e7797-9d89-4fec-b8ab-15097b931c31,2026-07-30T16:01:40Z,developer-07,DescribeLogGroups,logs,normal,0,,normal,False,0.078298,0.3847,0.0125,0.273,LOW,[]
evt-137cbcf5-b739-4705-bdc2-538aa0a3b18f,2026-07-30T16:11:18Z,developer-02,PutObject,s3,normal,0,,normal,False,0.012423,0.4814,0.15,0.382,LOW,"[""The activity occurred outside the home Region.""]"
evt-a5a68f79-f073-475c-b3a7-335e19acdb1c,2026-07-30T16:12:05Z,developer-05,ListFunctions,lambda,normal,0,,normal,False,0.076051,0.3879,0.12,0.3075,LOW,"[""The activity occurred outside the home Region.""]"
evt-06d7a579-e652-439e-9811-8be1de5fb67f,2026-07-30T16:27:01Z,developer-08,ListFunctions,lambda,normal,0,,normal,False,0.160443,0.2763,0.02,0.1994,LOW,[]
evt-11aef439-0ae5-42d1-99e4-19ab2fa9f992,2026-07-30T16:33:09Z,developer-03,GetObject,s3,normal,0,,normal,False,0.129803,0.3146,0.0375,0.2315,LOW,[]
evt-47b34632-72e5-41de-a47e-fc3637517edf,2026-07-30T16:35:06Z,ml-engineer-01,GetCallerIdentity,sts,normal,0,,normal,False,0.123365,0.323,0.1125,0.2598,LOW,"[""The activity occurred outside the home Region.""]"
evt-7b0dd85c-7813-4160-afd0-e5c3bba54538,2026-07-30T16:40:41Z,developer-02,DescribeInstances,ec2,normal,0,,normal,False,0.153321,0.285,0.025,0.207,LOW,[]
evt-a429ef75-9c65-4073-a41d-ac1177262215,2026-07-30T16:41:42Z,data-scientist-01,ListBuckets,s3,normal,0,,normal,False,0.153321,0.285,0.025,0.207,LOW,[]
evt-426685a4-1614-4c72-bf8f-2f46c97a466e,2026-07-30T16:44:04Z,data-scientist-01,ListFunctions,lambda,normal,0,,suspicious,True,-0.034896,0.5522,0.12,0.4225,MEDIUM,"[""The activity occurred outside the home Region.""]"
evt-bbe95530-ec94-4fb1-bba0-ec96c03db10a,2026-07-30T16:49:34Z,data-scientist-03,GetMetricData,cloudwatch,normal,0,,normal,False,0.123365,0.323,0.1125,0.2598,LOW,"[""The activity occurred outside the home Region.""]"
evt-1bbeb2eb-c93b-4e61-ad9d-685f1924363a,2026-07-30T16:49:58Z,developer-03,ListFunctions,lambda,normal,0,,normal,False,0.133057,0.3104,0.12,0.2533,LOW,"[""The activity occurred outside the home Region.""]"
evt-0e17b4da-31ca-40d6-a6b0-d5ff61023e96,2026-07-30T17:06:44Z,developer-07,GetCallerIdentity,sts,normal,0,,normal,False,0.148566,0.2908,0.0125,0.2073,LOW,[]
evt-4d56a411-a308-41b5-9728-5714d643e1fa,2026-07-30T17:20:21Z,developer-03,DescribeLogGroups,logs,normal,0,,normal,False,0.056037,0.4167,0.1125,0.3255,LOW,"[""The activity occurred outside the home Region.""]"
evt-ceb4ee5f-0f04-4c57-8aae-497880aa7db8,2026-07-30T17:22:25Z,developer-02,PutObject,s3,normal,0,,normal,False,0.072149,0.3934,0.05,0.2904,LOW,[]
evt-090b73ec-90e2-4bd6-b735-c9b2fe212ef8,2026-07-30T17:29:12Z,developer-07,DescribeLogGroups,logs,normal,0,,normal,False,0.111248,0.3391,0.1125,0.2711,LOW,"[""The activity occurred outside the home Region.""]"
evt-ea1a275a-7e80-43af-9186-e8b095ccfe47,2026-07-30T17:44:23Z,data-scientist-03,Query,dynamodb,normal,0,,normal,False,0.123402,0.3229,0.0375,0.2373,LOW,[]
evt-d28b04dc-326e-4c74-9a1b-a947d066cac5,2026-07-30T17:48:38Z,data-scientist-01,GetMetricData,cloudwatch,normal,0,,normal,False,0.118255,0.3297,0.1125,0.2645,LOW,"[""The activity occurred outside the home Region.""]"
evt-5996762d-b852-4095-863d-aa6ba0c3fc3b,2026-07-30T17:55:19Z,developer-07,PutObject,s3,normal,0,,normal,False,0.02125,0.4682,0.05,0.3427,LOW,[]
evt-64917b85-520e-4f86-93ee-202b9ef77124,2026-07-30T17:59:31Z,developer-07,DescribeLogGroups,logs,normal,0,,suspicious,True,-0.089819,0.6316,0.1125,0.4758,MEDIUM,"[""The activity occurred outside the home Region.""]"
evt-2a0b0fb8-8319-4584-89c1-8bec0beb8108,2026-07-30T18:25:00Z,developer-02,PutObject,s3,normal,0,,normal,False,0.06616,0.402,0.05,0.2964,LOW,[]
evt-9c9caed0-826d-46cb-a7c5-390cb0c71399,2026-07-30T18:28:40Z,ml-engineer-02,GetCallerIdentity,sts,normal,0,,normal,False,0.134904,0.308,0.0125,0.2194,LOW,[]
evt-f583483f-596f-4170-9a51-2d700fe24a3c,2026-07-30T18:34:58Z,data-scientist-02,DescribeInstances,ec2,normal,0,,normal,False,0.141636,0.2995,0.025,0.2171,LOW,[]
evt-e8fa0778-bbe0-4003-84dc-98c3aa3f72c5,2026-07-30T18:55:35Z,data-scientist-02,DescribeTable,dynamodb,normal,0,,normal,False,0.112053,0.338,0.12,0.2726,LOW,"[""The activity occurred outside the home Region.""]"
evt-b31f62aa-98b8-4a5d-8097-9918cc3289a6,2026-07-30T20:06:03Z,ml-engineer-03,PutRolePolicy,iam,suspicious,1,privilege-escalation,normal,False,0.010771,0.4838,0.74,0.5607,MEDIUM,"[""The event performed a sensitive operation."", ""The activity came from an external IP."", ""The activity occurred outside the home Region."", ""The AWS API action has a high security risk.""]"
evt-1b61f9bf-485a-429f-b09e-158f80c72cc8,2026-07-30T21:49:30Z,ml-engineer-03,DescribeLogGroups,logs,normal,0,,normal,False,0.056146,0.4166,0.1125,0.3253,LOW,"[""The activity occurred outside the home Region.""]"
evt-86defeea-a362-46f3-88c4-a3716d31691c,2026-07-30T22:22:03Z,developer-05,UpdateAssumeRolePolicy,iam,suspicious,1,privilege-escalation,suspicious,True,-0.10022,0.646,0.88,0.7162,HIGH,"[""The event performed a sensitive operation."", ""The event happened at an unusual time."", ""The activity came from an external IP."", ""The activity occurred outside the home Region."", ""The AWS API action has a high security risk.""]"
evt-e43ed9f8-1737-4501-b83b-72c3039cca55,2026-07-30T22:29:54Z,ml-engineer-02,UpdateAssumeRolePolicy,iam,suspicious,1,privilege-escalation,suspicious,True,-0.10022,0.646,0.88,0.7162,HIGH,"[""The event performed a sensitive operation."", ""The event happened at an unusual time."", ""The activity came from an external IP."", ""The activity occurred outside the home Region."", ""The AWS API action has a high security risk.""]"
evt-4bc40226-10f3-49b0-9541-b0fcc440a22a,2026-07-30T22:58:13Z,ml-engineer-02,DescribeInstances,ec2,normal,0,,suspicious,True,-0.088275,0.6294,0.175,0.4931,MEDIUM,"[""The event happened at an unusual time.""]"
evt-d6b426fd-8164-4562-93d2-36438d23416c,2026-07-30T23:06:16Z,ml-engineer-01,ListUsers,iam,suspicious,1,reconnaissance,suspicious,True,-0.103593,0.6506,0.825,0.7029,HIGH,"[""The event performed a sensitive operation."", ""The event happened at an unusual time."", ""The activity came from an external IP."", ""The activity occurred outside the home Region."", ""The AWS API action has a high security risk.""]"
evt-dd9620f4-ca6e-4733-a999-d9f892e3e9c0,2026-07-30T23:07:59Z,ml-engineer-03,ListFunctions,lambda,normal,0,,suspicious,True,-0.060292,0.5895,0.17,0.4636,MEDIUM,"[""The event happened at an unusual time.""]"
evt-b90ace5a-aa8a-476c-b498-443602886360,2026-07-30T23:19:28Z,developer-07,AssumeRole,sts,suspicious,1,credential-compromise,suspicious,True,-0.103593,0.6506,0.855,0.7119,HIGH,"[""The event performed a sensitive operation."", ""The event happened at an unusual time."", ""The activity came from an external IP."", ""The activity occurred outside the home Region."", ""The AWS API action has a high security risk.""]"
evt-942787a4-368c-4936-8943-0636b9514b45,2026-07-31T00:36:44Z,developer-07,PutRolePolicy,iam,suspicious,1,privilege-escalation,suspicious,True,-0.108367,0.6571,0.89,0.7269,HIGH,"[""The event performed a sensitive operation."", ""The event happened at an unusual time."", ""The activity came from an external IP."", ""The activity occurred outside the home Region."", ""The AWS API action has a high security risk.""]"
evt-a039bb03-5836-4253-abcd-7b7654a7ca5e,2026-07-31T01:27:28Z,developer-03,GetObject,s3,suspicious,1,data-exfiltration,suspicious,True,-0.103228,0.6501,0.845,0.7086,HIGH,"[""The event performed a sensitive operation."", ""The event happened at an unusual time."", ""The activity came from an external IP."", ""The activity occurred outside the home Region."", ""The AWS API action has a high security risk.""]"
evt-550924f2-6b7d-4e20-a8fc-961bf53a60b0,2026-07-31T01:29:10Z,developer-01,GetObject,s3,suspicious,1,data-exfiltration,suspicious,True,-0.103228,0.6501,0.845,0.7086,HIGH,"[""The event performed a sensitive operation."", ""The event happened at an unusual time."", ""The activity came from an external IP."", ""The activity occurred outside the home Region."", ""The AWS API action has a high security risk.""]"
evt-cc078341-2144-49de-8d03-1e2cc28453b6,2026-07-31T02:15:19Z,ml-engineer-02,ListRoles,iam,suspicious,1,reconnaissance,suspicious,True,-0.097577,0.6423,0.83,0.6986,MEDIUM,"[""The event performed a sensitive operation."", ""The event happened at an unusual time."", ""The activity came from an external IP."", ""The activity occurred outside the home Region."", ""The AWS API action has a high security risk.""]"
evt-82a8bacf-ec27-4b95-85b0-4bad9fa72134,2026-07-31T02:34:55Z,data-scientist-02,GetObject,s3,normal,0,,suspicious,True,-0.070695,0.6045,0.1875,0.4794,MEDIUM,"[""The event happened at an unusual time.""]"
evt-9a1b4759-ba52-45ba-ab24-990cd4488d81,2026-07-31T05:17:21Z,developer-06,SelectObjectContent,s3,suspicious,1,data-exfiltration,suspicious,True,-0.082794,0.6217,0.87,0.6962,MEDIUM,"[""The event performed a sensitive operation."", ""The event happened at an unusual time."", ""The activity came from an external IP."", ""The activity occurred outside the home Region."", ""The AWS API action has a high security risk.""]"
evt-f116d09c-72a8-45dc-a0af-f3a109653a96,2026-07-31T06:36:25Z,developer-06,ListFunctions,lambda,normal,0,,suspicious,True,-0.030823,0.5461,0.17,0.4333,MEDIUM,"[""The event happened at an unusual time.""]"
evt-2104387e-96c9-4846-8877-731f439cbe53,2026-07-31T07:41:29Z,data-scientist-01,ListBuckets,s3,normal,0,,normal,False,0.130485,0.3137,0.025,0.2271,LOW,[]
evt-a640d7fb-e90a-43e7-af6f-de85231b9f1c,2026-07-31T08:09:01Z,data-scientist-02,GetMetricData,cloudwatch,normal,0,,normal,False,0.133507,0.3098,0.0125,0.2206,LOW,[]
evt-56e126f7-0ef5-4053-a232-75321347d5e4,2026-07-31T08:10:24Z,developer-01,DescribeInstances,ec2,normal,0,,normal,False,0.126202,0.3193,0.125,0.261,LOW,"[""The activity occurred outside the home Region.""]"
evt-1e13aed4-ab18-4fc0-a2f1-b0f532c15b87,2026-07-31T08:19:34Z,developer-05,GetMetricData,cloudwatch,normal,0,,normal,False,0.116535,0.332,0.1125,0.2661,LOW,"[""The activity occurred outside the home Region.""]"
evt-8a8919a8-acfa-4c35-aaff-e457abcd62c1,2026-07-31T08:20:47Z,developer-08,DescribeInstances,ec2,normal,0,,normal,False,0.126202,0.3193,0.125,0.261,LOW,"[""The activity occurred outside the home Region.""]"
evt-fb064bf0-9ad8-422d-be34-f289a0ccfc06,2026-07-31T08:32:50Z,developer-03,DescribeTable,dynamodb,normal,0,,normal,False,0.138344,0.3036,0.02,0.2185,LOW,[]
evt-ed63436e-7a0e-40db-9944-0a7d76c7d65b,2026-07-31T08:43:47Z,ml-engineer-01,GetObject,s3,normal,0,,normal,False,0.107753,0.3438,0.1375,0.2819,LOW,"[""The activity occurred outside the home Region.""]"
evt-ab31d00d-2b9c-4486-b9c3-92b210b9dc82,2026-07-31T08:52:37Z,ml-engineer-02,ListBuckets,s3,normal,0,,normal,False,0.126202,0.3193,0.125,0.261,LOW,"[""The activity occurred outside the home Region.""]"
evt-50bf9e0d-326a-4fd3-908e-76a229ad6e9e,2026-07-31T09:12:43Z,data-scientist-03,GetMetricData,cloudwatch,normal,0,,normal,False,0.143472,0.2972,0.0125,0.2118,LOW,[]
evt-2fd04e20-0c09-49fc-ab35-64beb125b88e,2026-07-31T09:13:34Z,data-scientist-03,DescribeInstances,ec2,normal,0,,suspicious,True,-0.012192,0.5183,0.125,0.4003,MEDIUM,"[""The activity occurred outside the home Region.""]"
evt-aab85de1-f8a4-4562-bb8c-5df7097fc7e6,2026-07-31T09:15:40Z,developer-07,ListBuckets,s3,normal,0,,normal,False,0.15149,0.2872,0.025,0.2086,LOW,[]
evt-27b9b614-a173-450c-a3a2-0ee4f79d1b62,2026-07-31T09:25:31Z,developer-02,GetMetricData,cloudwatch,normal,0,,normal,False,0.131852,0.3119,0.1125,0.2521,LOW,"[""The activity occurred outside the home Region.""]"
evt-b1a842ed-a3fc-4cf0-a17e-e9da75a6d5a3,2026-07-31T09:25:58Z,ml-engineer-01,ListFunctions,lambda,normal,0,,normal,False,0.141127,0.3001,0.02,0.2161,LOW,[]
evt-ba24b6ac-c889-4205-83ef-177942ba0ccf,2026-07-31T09:38:11Z,ml-engineer-02,GetMetricData,cloudwatch,normal,0,,normal,False,0.137307,0.3049,0.0125,0.2172,LOW,[]
evt-ab5172a3-819b-4e25-94e2-eedec04e67d5,2026-07-31T09:43:13Z,data-scientist-01,DescribeLogGroups,logs,normal,0,,normal,False,0.131852,0.3119,0.1125,0.2521,LOW,"[""The activity occurred outside the home Region.""]"
evt-fcd62a30-8459-4e2a-a192-92ffbfdf629e,2026-07-31T09:43:22Z,developer-02,GetCallerIdentity,sts,normal,0,,normal,False,0.137307,0.3049,0.0125,0.2172,LOW,[]
evt-1a495f48-74a5-49f2-80bf-38c021052991,2026-07-31T09:46:15Z,developer-03,DescribeInstances,ec2,normal,0,,suspicious,True,-0.038802,0.5579,0.225,0.4581,MEDIUM,"[""The activity occurred outside the home Region."", ""The AWS API call failed.""]"
evt-54482e06-620b-4c13-9d62-dba195d31280,2026-07-31T09:49:32Z,ml-engineer-02,GetMetricData,cloudwatch,normal,0,,suspicious,True,-0.07689,0.6133,0.2125,0.4931,MEDIUM,"[""The activity occurred outside the home Region."", ""The AWS API call failed.""]"
evt-501b538c-c98a-45d4-aea2-f5a84f2b2a1c,2026-07-31T09:50:36Z,data-scientist-02,GetMetricData,cloudwatch,normal,0,,normal,False,0.143472,0.2972,0.0125,0.2118,LOW,[]
evt-4aefda18-47d5-4920-b878-d72428185432,2026-07-31T09:55:14Z,developer-03,GetCallerIdentity,sts,normal,0,,normal,False,0.137307,0.3049,0.0125,0.2172,LOW,[]
evt-8923c92a-3a79-4563-964b-bb86d1740806,2026-07-31T10:02:08Z,developer-04,DescribeTable,dynamodb,normal,0,,normal,False,0.159246,0.2778,0.02,0.2004,LOW,[]
evt-b4da89eb-3ec2-4567-89cf-340858cd29c8,2026-07-31T10:12:43Z,developer-04,DescribeTable,dynamodb,normal,0,,normal,False,0.149604,0.2895,0.02,0.2087,LOW,[]
evt-974d04d7-d722-43a0-a4e6-d60c320f3255,2026-07-31T10:28:09Z,developer-08,DescribeInstances,ec2,normal,0,,normal,False,0.159671,0.2773,0.025,0.2016,LOW,[]
evt-ac023a72-1c05-455a-8948-c5a2baf4efb9,2026-07-31T10:30:24Z,developer-02,ListFunctions,lambda,normal,0,,normal,False,0.133215,0.3102,0.12,0.2531,LOW,"[""The activity occurred outside the home Region.""]"
evt-957076f1-8c59-4310-b430-b488d0340b2a,2026-07-31T10:42:08Z,data-scientist-03,DescribeTable,dynamodb,normal,0,,normal,False,0.148122,0.2914,0.12,0.24,LOW,"[""The activity occurred outside the home Region.""]"
evt-db56fa8a-0bf6-4ca1-900c-ce8c412674ec,2026-07-31T10:52:50Z,developer-04,PutObject,s3,normal,0,,normal,False,0.056608,0.4159,0.15,0.3361,LOW,"[""The activity occurred outside the home Region.""]"
evt-27d8bc99-36d3-405c-81e5-7263a3d69578,2026-07-31T10:56:26Z,developer-01,DescribeInstances,ec2,normal,0,,normal,False,0.159671,0.2773,0.025,0.2016,LOW,[]
evt-4f2fa5ae-93c9-4395-a200-1d08ed5c0e34,2026-07-31T10:59:28Z,data-scientist-02,ListFunctions,lambda,normal,0,,normal,False,0.159246,0.2778,0.02,0.2004,LOW,[]
evt-d4fb1d87-1bcb-408c-a51a-9c693cd11d0e,2026-07-31T11:00:34Z,data-scientist-03,DescribeInstances,ec2,normal,0,,normal,False,0.138263,0.3037,0.125,0.2501,LOW,"[""The activity occurred outside the home Region.""]"
evt-f4c86961-f243-45d9-b646-a368569ec3c0,2026-07-31T11:08:30Z,data-scientist-02,DescribeLogGroups,logs,normal,0,,normal,False,0.131302,0.3126,0.1125,0.2526,LOW,"[""The activity occurred outside the home Region.""]"
evt-89261578-b4c0-4220-8162-5a2ee19fe065,2026-07-31T11:13:07Z,developer-03,Query,dynamodb,normal,0,,normal,False,0.151583,0.2871,0.0375,0.2122,LOW,[]
evt-65389038-39e4-4d01-b08c-b3e34b9ce9a3,2026-07-31T11:14:06Z,data-scientist-03,Query,dynamodb,normal,0,,normal,False,0.074921,0.3895,0.0375,0.2839,LOW,[]
evt-ac028deb-70c3-4f2f-b6a9-4568a82d6c5c,2026-07-31T11:23:28Z,ml-engineer-02,GetObject,s3,normal,0,,normal,False,0.130095,0.3142,0.1375,0.2612,LOW,"[""The activity occurred outside the home Region.""]"
evt-b3e034af-3ab3-46fe-b5ac-15013d7fc876,2026-07-31T11:54:14Z,ml-engineer-03,PutObject,s3,normal,0,,normal,False,0.087106,0.3722,0.05,0.2756,LOW,[]
evt-ae44c2d5-7267-4762-9967-9cb20d641a4e,2026-07-31T11:54:19Z,developer-01,DescribeLogGroups,logs,normal,0,,normal,False,0.131302,0.3126,0.1125,0.2526,LOW,"[""The activity occurred outside the home Region.""]"
evt-f70c9159-53f1-40a3-8618-f43405beead9,2026-07-31T11:58:13Z,developer-04,ListBuckets,s3,normal,0,,normal,False,0.164565,0.2714,0.025,0.1975,LOW,[]
evt-c4b4b319-334a-44c1-a648-652cc422a31a,2026-07-31T12:12:51Z,developer-02,PutObject,s3,normal,0,,normal,False,0.088916,0.3697,0.05,0.2738,LOW,[]
evt-a49afdca-0077-4f47-969a-3f787a22e69a,2026-07-31T12:20:05Z,ml-engineer-01,GetCallerIdentity,sts,normal,0,,normal,False,0.144426,0.296,0.1125,0.2409,LOW,"[""The activity occurred outside the home Region.""]"
evt-a021561d-2d05-4021-b030-87762a4a850d,2026-07-31T12:29:41Z,developer-03,Query,dynamodb,normal,0,,normal,False,0.13371,0.3095,0.1375,0.2579,LOW,"[""The activity occurred outside the home Region.""]"
evt-8a90e985-1e08-4d5d-8327-042ce7d47605,2026-07-31T12:30:43Z,developer-05,GetObject,s3,normal,0,,normal,False,0.13371,0.3095,0.1375,0.2579,LOW,"[""The activity occurred outside the home Region.""]"
evt-17dab9e5-c974-470e-b815-de30452a6044,2026-07-31T12:37:19Z,data-scientist-01,GetSessionToken,sts,suspicious,1,credential-compromise,normal,False,0.075888,0.3881,0.7,0.4817,MEDIUM,"[""The event performed a sensitive operation."", ""The activity came from an external IP."", ""The activity occurred outside the home Region."", ""The AWS API action has a high security risk.""]"
evt-6e6118b2-bf01-4e4a-b6a4-c6671f197d60,2026-07-31T12:38:06Z,developer-01,Query,dynamodb,normal,0,,normal,False,0.138468,0.3035,0.0375,0.2237,LOW,[]
evt-27c92bac-9e1d-427b-a29b-d321081b043d,2026-07-31T12:47:25Z,developer-01,GetMetricData,cloudwatch,normal,0,,normal,False,0.083106,0.3779,0.0125,0.2683,LOW,[]
evt-e7e9d612-28e5-4479-bd72-a08b3a32d209,2026-07-31T12:49:07Z,ml-engineer-03,DescribeInstances,ec2,normal,0,,suspicious,True,-0.030683,0.5459,0.225,0.4496,MEDIUM,"[""The activity occurred outside the home Region."", ""The AWS API call failed.""]"
evt-7299a881-5c17-4020-ad0b-f892904007f2,2026-07-31T12:57:16Z,ml-engineer-03,GetObject,s3,normal,0,,normal,False,0.127375,0.3177,0.1375,0.2637,LOW,"[""The activity occurred outside the home Region.""]"
evt-6a4e2fb6-e2e2-434f-88d6-671e9ba9d951,2026-07-31T12:58:23Z,developer-07,PutObject,s3,normal,0,,normal,False,0.088916,0.3697,0.05,0.2738,LOW,[]
evt-ae172918-8846-490e-8a8a-266386b88188,2026-07-31T13:00:56Z,developer-04,PutObject,s3,normal,0,,normal,False,0.090189,0.3679,0.05,0.2725,LOW,[]
evt-05a1666b-300c-45ff-9dd4-b53ccea04d62,2026-07-31T13:03:56Z,ml-engineer-02,GetObject,s3,normal,0,,normal,False,0.150067,0.289,0.0375,0.2135,LOW,[]
evt-132146de-9492-4df8-b22e-6ddfcbe07afb,2026-07-31T13:10:01Z,ml-engineer-01,GetObject,s3,normal,0,,normal,False,0.138369,0.3036,0.0375,0.2238,LOW,[]
evt-8fe341e0-0b76-45ab-9971-313efd7c6d15,2026-07-31T13:10:18Z,developer-08,ListFunctions,lambda,normal,0,,normal,False,0.164092,0.272,0.02,0.1964,LOW,[]
evt-0776ef3e-0bc4-4419-b2fb-d6db70483692,2026-07-31T13:28:27Z,data-scientist-01,DescribeTable,dynamodb,normal,0,,normal,False,0.145255,0.2949,0.12,0.2425,LOW,"[""The activity occurred outside the home Region.""]"
evt-e5c0dbd9-c3e0-4ea4-a4dd-c5b87b73775c,2026-07-31T13:31:07Z,developer-07,GetCallerIdentity,sts,normal,0,,normal,False,0.138266,0.3037,0.1125,0.2464,LOW,"[""The activity occurred outside the home Region.""]"
evt-d145949f-3146-403a-b2a9-4f440e75a9b0,2026-07-31T13:34:22Z,developer-07,ListFunctions,lambda,normal,0,,suspicious,True,-0.024082,0.5361,0.02,0.3812,LOW,[]
evt-4da9758c-3e57-4212-91ac-104d1ebb6a18,2026-07-31T13:44:37Z,developer-03,DescribeTable,dynamodb,normal,0,,normal,False,0.156677,0.2809,0.12,0.2326,LOW,"[""The activity occurred outside the home Region.""]"
evt-6ead1072-fc6a-4bb0-abc6-95800e3a766a,2026-07-31T13:47:23Z,developer-02,DescribeInstances,ec2,normal,0,,normal,False,0.153268,0.285,0.125,0.237,LOW,"[""The activity occurred outside the home Region.""]"
evt-8d55c43b-5de2-4e13-9040-bebd44083fff,2026-07-31T13:55:06Z,ml-engineer-01,GetMetricData,cloudwatch,normal,0,,normal,False,0.154054,0.2841,0.0125,0.2026,LOW,[]
evt-86c52d5c-b5d8-4608-8c8a-b6177a00f7be,2026-07-31T13:55:29Z,developer-04,GetCallerIdentity,sts,normal,0,,normal,False,0.138266,0.3037,0.1125,0.2464,LOW,"[""The activity occurred outside the home Region.""]"
evt-7a819582-47b3-450e-b4bf-ab598132ad7e,2026-07-31T14:01:34Z,data-scientist-02,ListFunctions,lambda,normal,0,,normal,False,0.168632,0.2666,0.02,0.1926,LOW,[]
evt-b40832e1-52a6-468a-96b3-21752c1ff63e,2026-07-31T14:07:00Z,ml-engineer-03,DescribeInstances,ec2,normal,0,,normal,False,0.152469,0.286,0.125,0.2377,LOW,"[""The activity occurred outside the home Region.""]"
evt-45c30eb9-b5b0-4b8e-9f4b-d5fe86d505b6,2026-07-31T14:17:14Z,developer-05,ListFunctions,lambda,normal,0,,normal,False,0.168632,0.2666,0.02,0.1926,LOW,[]
evt-54fdad91-62ab-4bd5-a99c-893fd065c23a,2026-07-31T14:25:43Z,ml-engineer-02,Query,dynamodb,normal,0,,normal,False,0.153736,0.2845,0.0375,0.2104,LOW,[]
evt-dc5f25af-4f77-4257-a00a-95d38323b721,2026-07-31T14:27:02Z,ml-engineer-03,DescribeInstances,ec2,normal,0,,normal,False,0.160944,0.2757,0.025,0.2005,LOW,[]
evt-0970b474-47b4-491e-9984-ac0ba6e7fe7c,2026-07-31T14:35:46Z,developer-06,GetObject,s3,normal,0,,suspicious,True,-0.039977,0.5597,0.1375,0.433,MEDIUM,"[""The AWS API call failed.""]"
evt-f4742857-7841-412f-8afa-6772d4adf122,2026-07-31T14:36:25Z,data-scientist-01,GetObject,s3,normal,0,,normal,False,0.132958,0.3105,0.1375,0.2586,LOW,"[""The activity occurred outside the home Region.""]"
evt-05f77b74-dfb5-4578-bfbe-70851fc5faac,2026-07-31T14:40:44Z,developer-03,GetCallerIdentity,sts,normal,0,,normal,False,0.137975,0.3041,0.1125,0.2466,LOW,"[""The activity occurred outside the home Region.""]"
evt-bab2247c-b15c-48be-a8a4-222cf7d023a1,2026-07-31T14:42:13Z,developer-05,ListFunctions,lambda,normal,0,,normal,False,0.145806,0.2942,0.12,0.242,LOW,"[""The activity occurred outside the home Region.""]"
evt-3154c820-e293-4092-bf84-e562bd10d436,2026-07-31T14:52:51Z,ml-engineer-03,Query,dynamodb,normal,0,,normal,False,0.12965,0.3148,0.1375,0.2616,LOW,"[""The activity occurred outside the home Region.""]"
evt-59afc97b-2e6e-47f3-aa2c-0e314eefd7e8,2026-07-31T14:54:33Z,developer-08,DescribeTable,dynamodb,normal,0,,normal,False,0.168632,0.2666,0.02,0.1926,LOW,[]
evt-a4d3e0e2-9a88-4072-8564-153de8fe1f8b,2026-07-31T14:55:34Z,developer-03,DescribeInstances,ec2,normal,0,,normal,False,0.146504,0.2934,0.125,0.2429,LOW,"[""The activity occurred outside the home Region.""]"
evt-8bee9b07-848c-4372-a105-e8a90d5df93f,2026-07-31T15:05:22Z,ml-engineer-02,GetObject,s3,normal,0,,normal,False,0.136386,0.3061,0.0375,0.2255,LOW,[]
evt-4a9b7fd2-4764-4108-ad0b-dd612a849c17,2026-07-31T15:09:45Z,developer-01,GetMetricData,cloudwatch,normal,0,,normal,False,0.163367,0.2729,0.0125,0.1947,LOW,[]
evt-8bb374e8-4f5a-4e62-84cc-3aa7ca60e53c,2026-07-31T15:10:03Z,ml-engineer-02,ListBuckets,s3,normal,0,,suspicious,True,-0.021821,0.5327,0.025,0.3804,LOW,[]
evt-c4b276c4-cc14-4e31-999b-98bf98486da7,2026-07-31T15:14:45Z,developer-08,DescribeLogGroups,logs,normal,0,,normal,False,0.153532,0.2847,0.0125,0.2031,LOW,[]
evt-10d5c784-5ed6-43c8-93b4-54520684c320,2026-07-31T15:18:52Z,developer-08,DescribeInstances,ec2,normal,0,,suspicious,True,-0.021821,0.5327,0.025,0.3804,LOW,[]
evt-beb2ffef-4fdc-4876-b906-7940f6462db6,2026-07-31T15:29:55Z,ml-engineer-01,DescribeLogGroups,logs,normal,0,,normal,False,0.163367,0.2729,0.0125,0.1947,LOW,[]
evt-a11e37a1-aa53-4e04-98a4-c10892d3d1c5,2026-07-31T15:35:36Z,developer-07,GetObject,s3,normal,0,,normal,False,0.128949,0.3157,0.1375,0.2622,LOW,"[""The activity occurred outside the home Region.""]"
evt-e64e43b8-8b16-4d78-ae35-ed2285c70b23,2026-07-31T15:36:35Z,developer-02,DescribeLogGroups,logs,normal,0,,normal,False,0.163367,0.2729,0.0125,0.1947,LOW,[]
evt-465aeed3-b9b1-4d4a-afb2-436e9232acd0,2026-07-31T15:55:24Z,developer-02,ListFunctions,lambda,normal,0,,normal,False,0.142749,0.2981,0.12,0.2447,LOW,"[""The activity occurred outside the home Region.""]"
evt-a9543ad1-c9b7-4255-8055-ec448a0622b7,2026-07-31T16:05:32Z,developer-02,Query,dynamodb,normal,0,,normal,False,0.071771,0.394,0.0375,0.287,LOW,[]
evt-bfe19b84-06f0-4c38-ade5-e2cbd5f89323,2026-07-31T16:08:56Z,developer-03,ListBuckets,s3,normal,0,,normal,False,0.143787,0.2968,0.125,0.2452,LOW,"[""The activity occurred outside the home Region.""]"
evt-488457e2-37ec-4f2c-a669-e27a95f2c195,2026-07-31T16:24:38Z,developer-03,Query,dynamodb,normal,0,,normal,False,0.113745,0.3357,0.1375,0.2762,LOW,"[""The activity occurred outside the home Region.""]"
evt-265a87fa-10c8-4c6d-ad15-974a88fe4659,2026-07-31T16:27:30Z,developer-05,GetObject,s3,normal,0,,normal,False,0.122048,0.3247,0.1375,0.2685,LOW,"[""The activity occurred outside the home Region.""]"
evt-3deb0d27-3b0d-4f09-8d15-1f4bd9099e65,2026-07-31T16:46:55Z,developer-04,GetObject,s3,normal,0,,normal,False,0.122048,0.3247,0.1375,0.2685,LOW,"[""The activity occurred outside the home Region.""]"
evt-5813cbfe-933b-45e7-a026-087a4703e381,2026-07-31T16:46:55Z,ml-engineer-01,DescribeTable,dynamodb,normal,0,,normal,False,0.160443,0.2763,0.02,0.1994,LOW,[]
evt-f3295c53-3030-4c52-8bd6-bda56e244845,2026-07-31T17:01:29Z,developer-08,GetCallerIdentity,sts,normal,0,,normal,False,0.148566,0.2908,0.0125,0.2073,LOW,[]
evt-9777bb07-14fb-41fb-8e80-148f528288a1,2026-07-31T17:04:43Z,data-scientist-03,GetObject,s3,normal,0,,normal,False,0.136769,0.3056,0.0375,0.2252,LOW,[]
evt-3e8f49a6-4627-4190-bcde-b939f674a891,2026-07-31T17:08:31Z,ml-engineer-01,GetObject,s3,normal,0,,normal,False,0.105485,0.3469,0.1375,0.284,LOW,"[""The activity occurred outside the home Region.""]"
evt-f1c69dc0-c591-4366-b158-d2663c2d5adf,2026-07-31T17:43:32Z,data-scientist-01,DescribeLogGroups,logs,normal,0,,normal,False,0.148566,0.2908,0.0125,0.2073,LOW,[]
evt-ef41ec41-9c7a-4fab-881b-23b4e257218f,2026-07-31T18:03:55Z,developer-07,DescribeLogGroups,logs,normal,0,,normal,False,0.134904,0.308,0.0125,0.2194,LOW,[]
evt-1b80577c-9226-4c77-bbcf-2b25a4390589,2026-07-31T18:06:41Z,developer-05,Query,dynamodb,normal,0,,normal,False,0.12337,0.323,0.0375,0.2373,LOW,[]
evt-28c8e0c4-6d70-4fd0-863b-5dc5f6b0ad85,2026-07-31T18:11:50Z,developer-06,GetMetricData,cloudwatch,normal,0,,normal,False,0.103525,0.3495,0.1125,0.2784,LOW,"[""The activity occurred outside the home Region.""]"
evt-37dcf58a-ba75-4cf4-8395-bc88e36a8410,2026-07-31T18:15:53Z,ml-engineer-02,ListFunctions,lambda,normal,0,,normal,False,0.140167,0.3013,0.02,0.2169,LOW,[]
evt-2a52922f-4954-45ff-8caa-cde3930edcb9,2026-07-31T18:17:57Z,developer-01,PutObject,s3,normal,0,,normal,False,0.06616,0.402,0.05,0.2964,LOW,[]
evt-0d3efb6f-4153-41c7-9e77-cfcb5b56b8e0,2026-07-31T18:20:27Z,data-scientist-01,ListBuckets,s3,normal,0,,suspicious,True,-0.032099,0.548,0.125,0.4211,MEDIUM,"[""The AWS API call failed.""]"
evt-9153814f-51fb-4479-b4db-5cc548c63b71,2026-07-31T18:22:46Z,developer-07,DescribeLogGroups,logs,normal,0,,normal,False,0.125905,0.3196,0.0125,0.2275,LOW,[]
evt-781c5e6e-2550-4b31-9269-92dd6694ef98,2026-07-31T18:35:24Z,developer-04,DescribeTable,dynamodb,normal,0,,normal,False,0.119989,0.3274,0.12,0.2652,LOW,"[""The activity occurred outside the home Region.""]"
evt-c40488a0-e546-46b5-932c-45f4d69e5c20,2026-07-31T18:49:08Z,ml-engineer-03,ListBuckets,s3,normal,0,,normal,False,0.141636,0.2995,0.025,0.2171,LOW,[]
evt-12994ff3-d141-40f2-b8bf-f07a5dcf39f4,2026-07-31T18:52:51Z,data-scientist-02,DescribeLogGroups,logs,normal,0,,normal,False,0.103525,0.3495,0.1125,0.2784,LOW,"[""The activity occurred outside the home Region.""]"
evt-91ad36d4-4fb5-4340-aa34-e8cb4e4fb89a,2026-07-31T18:54:34Z,developer-07,GetObject,s3,normal,0,,normal,False,0.111811,0.3383,0.0375,0.2481,LOW,[]
evt-bfaba5fc-ab15-4159-958c-1fb1b315ecd7,2026-07-31T18:57:06Z,developer-06,PutObject,s3,normal,0,,normal,False,0.061474,0.4088,0.05,0.3012,LOW,[]
evt-c6a893e1-aac3-46cc-8ca4-d0c7b582b13c,2026-07-31T18:57:19Z,developer-01,Query,dynamodb,normal,0,,normal,False,0.111811,0.3383,0.0375,0.2481,LOW,[]
evt-157f4284-62d9-4b2d-baba-da35ddf7ddaa,2026-07-31T19:19:45Z,data-scientist-02,GetObject,s3,normal,0,,normal,False,0.078816,0.3839,0.1375,0.31,LOW,"[""The activity occurred outside the home Region.""]"
evt-d3a24ac9-f862-42b1-9d7c-62d10f02524a,2026-07-31T19:26:20Z,developer-07,GetMetricData,cloudwatch,normal,0,,normal,False,0.111105,0.3393,0.0125,0.2412,LOW,[]
evt-d0afa91e-3fcc-45bb-95c1-d77081e4aeef,2026-07-31T21:05:25Z,developer-03,GetObject,s3,normal,0,,normal,False,0.0507,0.4245,0.1375,0.3384,LOW,"[""The activity occurred outside the home Region.""]"
evt-9f64a0da-51fa-4d2a-a4db-886968369330,2026-08-01T00:06:25Z,developer-07,AuthorizeSecurityGroupIngress,ec2,suspicious,1,public-exposure,suspicious,True,-0.125421,0.6797,0.875,0.7383,HIGH,"[""The event performed a sensitive operation."", ""The event happened at an unusual time."", ""The activity came from an external IP."", ""The activity occurred outside the home Region."", ""The AWS API action has a high security risk.""]"
evt-6a08d85a-1444-49e5-a9f6-2e586567d40f,2026-08-01T00:24:40Z,developer-08,PutRolePolicy,iam,suspicious,1,privilege-escalation,suspicious,True,-0.125421,0.6797,0.89,0.7428,HIGH,"[""The event performed a sensitive operation."", ""The event happened at an unusual time."", ""The activity came from an external IP."", ""The activity occurred outside the home Region."", ""The AWS API action has a high security risk.""]"
evt-72be73ea-c7fb-42d4-8dd2-0f06e9280d83,2026-08-01T00:37:31Z,data-scientist-02,GetCallerIdentity,sts,normal,0,,suspicious,True,-0.105928,0.6538,0.1625,0.5064,MEDIUM,"[""The event happened at an unusual time.""]"
evt-fe96a490-7500-4770-a393-afb07a16383e,2026-08-01T01:10:58Z,developer-05,AssumeRole,sts,suspicious,1,credential-compromise,suspicious,True,-0.121811,0.675,0.855,0.729,HIGH,"[""The event performed a sensitive operation."", ""The event happened at an unusual time."", ""The activity came from an external IP."", ""The activity occurred outside the home Region."", ""The AWS API action has a high security risk.""]"
evt-0b9eebd9-e177-43cb-aa5b-668d1423b1e6,2026-08-01T01:56:29Z,developer-04,Query,dynamodb,normal,0,,suspicious,True,-0.098424,0.6435,0.1875,0.5067,MEDIUM,"[""The event happened at an unusual time.""]"
evt-3b075c62-ac5e-4490-8f42-1d592c0d4d81,2026-08-01T03:04:46Z,developer-02,GetObject,s3,normal,0,,suspicious,True,-0.08548,0.6255,0.1875,0.4941,MEDIUM,"[""The event happened at an unusual time.""]"
evt-0e4327bf-f4a4-465c-b3f4-fc2b09a7e47d,2026-08-01T03:30:03Z,data-scientist-01,AssumeRole,sts,suspicious,1,credential-compromise,suspicious,True,-0.114826,0.6657,0.855,0.7225,HIGH,"[""The event performed a sensitive operation."", ""The event happened at an unusual time."", ""The activity came from an external IP."", ""The activity occurred outside the home Region."", ""The AWS API action has a high security risk.""]"
evt-f6400f88-aa6e-4c43-b022-d86fb2a77d9f,2026-08-01T04:24:15Z,developer-08,DescribeSecurityGroups,ec2,suspicious,1,reconnaissance,suspicious,True,-0.110031,0.6593,0.82,0.7075,HIGH,"[""The event performed a sensitive operation."", ""The event happened at an unusual time."", ""The activity came from an external IP."", ""The activity occurred outside the home Region.""]"
evt-f0dee0a8-e075-4fcc-bae7-9bf2f963a295,2026-08-01T04:28:37Z,data-scientist-03,DescribeSecurityGroups,ec2,suspicious,1,reconnaissance,suspicious,True,-0.171339,0.7365,0.92,0.7916,HIGH,"[""The event performed a sensitive operation."", ""The event happened at an unusual time."", ""The activity came from an external IP."", ""The activity occurred outside the home Region."", ""The AWS API call failed.""]"
evt-6a36510a-d42b-4f3e-b5fc-e0704dc780ff,2026-08-01T04:50:46Z,developer-05,Query,dynamodb,normal,0,,suspicious,True,-0.077994,0.6149,0.1875,0.4867,MEDIUM,"[""The event happened at an unusual time.""]"
evt-6cf39e54-1c03-4278-8310-408e2023f5b0,2026-08-01T04:52:12Z,data-scientist-01,PutBucketPolicy,s3,suspicious,1,public-exposure,suspicious,True,-0.110031,0.6593,0.88,0.7255,HIGH,"[""The event performed a sensitive operation."", ""The event happened at an unusual time."", ""The activity came from an external IP."", ""The activity occurred outside the home Region."", ""The AWS API action has a high security risk.""]"
evt-f693147f-a834-4258-a182-4dd399fa4a76,2026-08-01T08:02:18Z,ml-engineer-02,ListBuckets,s3,normal,0,,normal,False,0.096508,0.3592,0.025,0.2589,LOW,[]
evt-875fec10-a20f-4061-b5e0-6b48e0e79618,2026-08-01T08:12:10Z,data-scientist-01,DescribeLogGroups,logs,normal,0,,normal,False,0.09008,0.3681,0.0125,0.2614,LOW,[]
evt-8db7c987-e08a-400d-b1c4-b43e4467e3a4,2026-08-01T08:15:04Z,data-scientist-02,PutObject,s3,normal,0,,normal,False,0.023375,0.465,0.05,0.3405,LOW,[]
evt-eb8986d7-4ac0-4ba1-b5f3-896f5a0a8a18,2026-08-01T08:17:58Z,developer-07,ListBuckets,s3,normal,0,,suspicious,True,-0.072039,0.6064,0.225,0.492,MEDIUM,"[""The activity occurred outside the home Region."", ""The AWS API call failed.""]"
evt-bd947a99-c0e3-4192-b2d9-b590151ce614,2026-08-01T08:19:32Z,data-scientist-03,GetCallerIdentity,sts,normal,0,,normal,False,0.063312,0.4062,0.1125,0.3181,LOW,"[""The activity occurred outside the home Region.""]"
evt-703612cb-992c-4482-9697-02a1f5409715,2026-08-01T08:20:38Z,data-scientist-02,ListFunctions,lambda,normal,0,,normal,False,0.087969,0.371,0.02,0.2657,LOW,[]
evt-61b03d1f-3a06-45c0-959a-66c34905a9e8,2026-08-01T08:28:36Z,ml-engineer-01,DescribeTable,dynamodb,normal,0,,normal,False,0.099389,0.3552,0.02,0.2546,LOW,[]
evt-a8c81d0f-201c-4c41-be5c-0329af4ba1f7,2026-08-01T08:40:29Z,data-scientist-02,PutObject,s3,normal,0,,suspicious,True,-0.026188,0.5392,0.05,0.3924,LOW,[]
evt-08636fe0-9928-4116-ab85-9e50c96f662f,2026-08-01T08:45:08Z,ml-engineer-01,GetCallerIdentity,sts,normal,0,,normal,False,0.083676,0.3771,0.0125,0.2677,LOW,[]
evt-c09713c6-21fc-4bf5-a072-fedea4af9527,2026-08-01T08:54:58Z,data-scientist-03,DescribeInstances,ec2,normal,0,,normal,False,0.08621,0.3735,0.025,0.2689,LOW,[]
evt-9cf3470d-ac11-4f15-8f38-437f19add0d8,2026-08-01T09:02:52Z,developer-01,GetCallerIdentity,sts,normal,0,,normal,False,0.078187,0.3848,0.1125,0.3031,LOW,"[""The activity occurred outside the home Region.""]"
evt-44de07ee-4df3-49c7-a5fa-96bac379b551,2026-08-01T09:10:28Z,data-scientist-02,DescribeTable,dynamodb,normal,0,,normal,False,0.02727,0.4592,0.12,0.3574,LOW,"[""The activity occurred outside the home Region.""]"
evt-7efcab3e-80fc-415b-8f37-b616cda90220,2026-08-01T09:22:25Z,data-scientist-03,DescribeLogGroups,logs,normal,0,,normal,False,0.06818,0.3991,0.1125,0.3131,LOW,"[""The activity occurred outside the home Region.""]"
evt-4a796671-0044-4c22-a7a6-f7372010aeb1,2026-08-01T09:30:20Z,data-scientist-03,GetMetricData,cloudwatch,normal,0,,normal,False,0.030593,0.4542,0.0125,0.3217,LOW,[]
evt-cfda46f7-336f-481d-8153-366bb972dc98,2026-08-01T09:30:38Z,ml-engineer-02,DescribeTable,dynamodb,normal,0,,normal,False,0.11375,0.3357,0.02,0.241,LOW,[]
evt-3057c407-1af7-45f8-b1f7-6d861408a1d1,2026-08-01T09:41:42Z,developer-08,PutObject,s3,normal,0,,normal,False,0.01823,0.4727,0.15,0.3759,LOW,"[""The activity occurred outside the home Region.""]"
evt-ea14190b-6a34-4687-8b71-61498076daa9,2026-08-01T09:43:19Z,developer-05,DescribeLogGroups,logs,normal,0,,normal,False,0.10231,0.3512,0.0125,0.2496,LOW,[]
evt-ea76efa7-35fa-40b8-8364-a6a545991a7b,2026-08-01T09:45:54Z,ml-engineer-01,GetCallerIdentity,sts,normal,0,,normal,False,0.10231,0.3512,0.0125,0.2496,LOW,[]
evt-3f0d80da-bdda-4dcb-9333-924f479db679,2026-08-01T09:50:52Z,developer-05,GetMetricData,cloudwatch,normal,0,,normal,False,0.098216,0.3568,0.0125,0.2535,LOW,[]
evt-7fe6058b-a5ea-4e30-b3b4-66547c279884,2026-08-01T09:51:46Z,data-scientist-03,ListBuckets,s3,normal,0,,suspicious,True,-0.113581,0.6641,0.125,0.5023,MEDIUM,"[""The AWS API call failed.""]"
evt-41522d49-f16e-4393-832d-eca8990248a7,2026-08-01T09:53:06Z,data-scientist-03,GetObject,s3,normal,0,,suspicious,True,-0.121958,0.6752,0.1375,0.5139,MEDIUM,"[""The activity occurred outside the home Region.""]"
evt-872fa209-c18f-4cfa-8d12-384458672576,2026-08-01T09:53:19Z,ml-engineer-01,PutObject,s3,normal,0,,normal,False,0.037324,0.4442,0.05,0.326,LOW,[]
evt-27bdfafb-b579-4bfc-9028-065892980955,2026-08-01T10:12:56Z,data-scientist-03,DescribeTable,dynamodb,normal,0,,suspicious,True,-0.006108,0.5092,0.02,0.3624,LOW,[]
evt-80bb524f-37f7-4675-bfd1-f6519375c51f,2026-08-01T10:14:57Z,developer-08,DescribeLogGroups,logs,normal,0,,normal,False,0.073864,0.391,0.1125,0.3074,LOW,"[""The activity occurred outside the home Region.""]"
evt-53582880-0894-4579-bc79-4f8dc8c10b4d,2026-08-01T10:23:09Z,developer-02,Query,dynamodb,normal,0,,normal,False,0.102247,0.3513,0.0375,0.2571,LOW,[]
evt-a0f00b52-3177-4d8d-bf3b-5d2c24c79b03,2026-08-01T10:46:04Z,ml-engineer-01,DescribeTable,dynamodb,normal,0,,normal,False,0.08757,0.3716,0.12,0.2961,LOW,"[""The activity occurred outside the home Region.""]"
evt-8382b588-8f0d-40bb-b1f5-0eea3b295be7,2026-08-01T10:54:40Z,developer-03,ListFunctions,lambda,normal,0,,normal,False,0.097641,0.3576,0.12,0.2863,LOW,"[""The activity occurred outside the home Region.""]"
evt-0336038d-1885-451a-908c-6bd9e9309f3f,2026-08-01T10:57:35Z,developer-03,DescribeTable,dynamodb,normal,0,,suspicious,True,-0.027162,0.5407,0.02,0.3845,LOW,[]
evt-c02c1941-0136-446d-b6d4-81a8795ab43a,2026-08-01T11:04:30Z,ml-engineer-02,ListFunctions,lambda,normal,0,,normal,False,0.101792,0.3519,0.12,0.2823,LOW,"[""The activity occurred outside the home Region.""]"
evt-5fbac7db-4e85-430c-966c-7172d236134c,2026-08-01T11:12:56Z,developer-06,ListFunctions,lambda,normal,0,,normal,False,0.101792,0.3519,0.12,0.2823,LOW,"[""The activity occurred outside the home Region.""]"
evt-ddfc39d8-01e3-492e-b8de-cfd3bc12acf8,2026-08-01T11:14:16Z,developer-03,GetMetricData,cloudwatch,normal,0,,normal,False,0.036136,0.446,0.0125,0.316,LOW,[]
evt-6221e428-232f-4aac-acbf-cbc2c1fad36d,2026-08-01T11:23:18Z,developer-03,DescribeLogGroups,logs,normal,0,,suspicious,True,-0.028501,0.5426,0.1125,0.4136,MEDIUM,"[""The activity occurred outside the home Region.""]"
evt-b9f332b1-2e93-4516-a919-1cbf45c6190b,2026-08-01T11:41:31Z,developer-07,Query,dynamodb,normal,0,,normal,False,0.082586,0.3786,0.1375,0.3063,LOW,"[""The activity occurred outside the home Region.""]"
evt-4208398c-b91d-4f5f-a9b4-416796b98231,2026-08-01T11:56:07Z,data-scientist-03,DescribeInstances,ec2,normal,0,,normal,False,0.09971,0.3547,0.125,0.2858,LOW,"[""The activity occurred outside the home Region.""]"
evt-a12610a5-e735-4a0d-bc3c-95fbbdb417bc,2026-08-01T12:00:10Z,developer-06,GetCallerIdentity,sts,normal,0,,normal,False,0.0785,0.3844,0.1125,0.3028,LOW,"[""The activity occurred outside the home Region.""]"
evt-64a7a1ae-3c5d-4a5d-b9f6-eea85d365d39,2026-08-01T12:07:54Z,developer-01,GetMetricData,cloudwatch,normal,0,,normal,False,0.086785,0.3727,0.1125,0.2946,LOW,"[""The activity occurred outside the home Region.""]"
evt-72728b62-640c-4859-a740-fb05e83ed253,2026-08-01T12:09:35Z,developer-07,PutObject,s3,normal,0,,normal,False,0.022386,0.4665,0.15,0.3715,LOW,"[""The activity occurred outside the home Region.""]"
evt-2dd57e2f-c157-40ef-97bd-3a9a3a6126ad,2026-08-01T12:21:09Z,ml-engineer-01,Query,dynamodb,normal,0,,normal,False,0.107266,0.3444,0.0375,0.2524,LOW,[]
evt-7f7396ce-2d04-4785-86ae-f55f5b274253,2026-08-01T12:32:25Z,data-scientist-03,DescribeInstances,ec2,normal,0,,normal,False,0.092597,0.3646,0.125,0.2927,LOW,"[""The activity occurred outside the home Region.""]"
evt-4fb040a3-dd02-4be0-a947-c811592da51d,2026-08-01T12:36:46Z,developer-08,ListBuckets,s3,normal,0,,normal,False,0.122395,0.3242,0.025,0.2345,LOW,[]
evt-80bb0f59-3081-4661-a8ff-d4e36ed80af8,2026-08-01T12:46:41Z,developer-06,ListFunctions,lambda,normal,0,,normal,False,0.114108,0.3352,0.02,0.2407,LOW,[]
evt-4ffa6e26-ea4c-4840-9b53-f45191211e98,2026-08-01T12:49:47Z,developer-02,GetMetricData,cloudwatch,normal,0,,normal,False,0.086785,0.3727,0.1125,0.2946,LOW,"[""The activity occurred outside the home Region.""]"
evt-f7187a64-0cbf-4a9b-80a4-ce8b3a44f9b8,2026-08-01T12:57:04Z,ml-engineer-01,DescribeLogGroups,logs,normal,0,,normal,False,0.109675,0.3412,0.0125,0.2426,LOW,[]
evt-d0671c28-2cae-4604-9b17-a67aa9adc085,2026-08-01T12:57:32Z,developer-02,Query,dynamodb,normal,0,,normal,False,0.072606,0.3928,0.1375,0.3162,LOW,"[""The activity occurred outside the home Region.""]"
evt-e49f3fcd-726d-4656-8472-4ab930436af7,2026-08-01T13:07:04Z,developer-08,ListFunctions,lambda,normal,0,,normal,False,0.116532,0.332,0.02,0.2384,LOW,[]
evt-c8829f37-75b9-4791-8777-fc5a696347ba,2026-08-01T13:08:37Z,developer-08,DescribeInstances,ec2,normal,0,,suspicious,True,-0.060358,0.5896,0.025,0.4202,MEDIUM,[]
evt-92ac83e2-0f0e-4863-9219-966a6000611f,2026-08-01T13:10:46Z,developer-05,GetObject,s3,normal,0,,normal,False,0.083192,0.3777,0.1375,0.3057,LOW,"[""The activity occurred outside the home Region.""]"
evt-abed985f-f96a-446c-8891-c5964a5d1858,2026-08-01T13:28:16Z,ml-engineer-01,DescribeInstances,ec2,normal,0,,normal,False,0.110838,0.3396,0.025,0.2452,LOW,[]
evt-9c89e991-f2ee-40f5-a06e-6f47581c7413,2026-08-01T13:39:35Z,developer-05,Query,dynamodb,normal,0,,normal,False,0.097651,0.3576,0.0375,0.2616,LOW,[]
evt-4e6129df-df32-41d0-9e4b-43d25e8a7f20,2026-08-01T13:54:23Z,data-scientist-02,GetObject,s3,normal,0,,normal,False,0.083192,0.3777,0.1375,0.3057,LOW,"[""The activity occurred outside the home Region.""]"
evt-ebee795f-862c-4754-94bf-6ee676aebfc2,2026-08-01T13:56:53Z,developer-03,DescribeTable,dynamodb,normal,0,,normal,False,0.10406,0.3488,0.12,0.2802,LOW,"[""The activity occurred outside the home Region.""]"
evt-3313d961-28fc-40dc-93db-bd142936c42b,2026-08-01T14:16:24Z,ml-engineer-03,DescribeTable,dynamodb,normal,0,,normal,False,0.1037,0.3493,0.12,0.2805,LOW,"[""The activity occurred outside the home Region.""]"
evt-57b0d86f-6a18-4b37-b0bf-11fe2e6f42f9,2026-08-01T14:44:40Z,developer-05,ListBuckets,s3,normal,0,,normal,False,0.102653,0.3507,0.125,0.283,LOW,"[""The activity occurred outside the home Region.""]"
evt-d5e7f733-113c-4146-a393-9ad20db11d30,2026-08-01T14:46:14Z,data-scientist-02,DescribeLogGroups,logs,normal,0,,normal,False,0.105958,0.3462,0.0125,0.2461,LOW,[]
evt-2872be0a-c684-4489-90bc-c73d1d8e9f1e,2026-08-01T14:47:17Z,developer-06,DescribeInstances,ec2,normal,0,,normal,False,0.102653,0.3507,0.125,0.283,LOW,"[""The activity occurred outside the home Region.""]"
evt-ffd88c80-02f8-4d63-83f1-b69a64ff0378,2026-08-01T14:51:11Z,developer-02,DescribeLogGroups,logs,normal,0,,normal,False,0.085126,0.375,0.1125,0.2963,LOW,"[""The activity occurred outside the home Region.""]"
evt-ec26e6e1-4cdc-49b0-b6a8-faf81e7b00cb,2026-08-01T14:54:29Z,developer-03,DescribeLogGroups,logs,normal,0,,normal,False,0.076165,0.3877,0.1125,0.3051,LOW,"[""The activity occurred outside the home Region.""]"
evt-f41786a5-23de-4e0c-baa1-eaa2b6b84add,2026-08-01T14:56:59Z,developer-03,GetObject,s3,normal,0,,suspicious,True,-0.042736,0.5638,0.0375,0.4059,MEDIUM,[]
evt-27c87bb0-3c1a-4fa6-9384-bf9aee2ca725,2026-08-01T15:09:11Z,ml-engineer-01,GetMetricData,cloudwatch,normal,0,,suspicious,True,-0.058854,0.5874,0.2125,0.4749,MEDIUM,"[""The activity occurred outside the home Region."", ""The AWS API call failed.""]"
evt-6a4949f4-9cc5-4ab2-8922-19832bce058f,2026-08-01T15:22:49Z,developer-05,DescribeLogGroups,logs,normal,0,,normal,False,0.074611,0.3899,0.1125,0.3067,LOW,"[""The activity occurred outside the home Region.""]"
evt-f445e5af-b2f7-421b-9806-2084b2ceb134,2026-08-01T15:39:22Z,developer-03,GetCallerIdentity,sts,normal,0,,normal,False,0.033278,0.4502,0.0125,0.3189,LOW,[]
evt-1955a20c-1440-4751-b540-f374b3cd9fd5,2026-08-01T15:39:41Z,developer-06,ListFunctions,lambda,normal,0,,normal,False,0.088973,0.3696,0.12,0.2947,LOW,"[""The activity occurred outside the home Region.""]"
evt-6bcd570f-607b-45bd-a0e9-96da8767abbc,2026-08-01T15:44:30Z,developer-03,Query,dynamodb,normal,0,,suspicious,True,-0.019905,0.5298,0.0375,0.3821,LOW,[]
evt-b0132b25-a18c-4efa-ae08-6b6738b33ee6,2026-08-01T15:51:34Z,developer-04,ListBuckets,s3,normal,0,,normal,False,0.100059,0.3543,0.125,0.2855,LOW,"[""The activity occurred outside the home Region.""]"
evt-f972228c-2e4a-4e8f-b4da-c15bca85b10c,2026-08-01T16:05:09Z,data-scientist-02,GetObject,s3,normal,0,,normal,False,0.069068,0.3979,0.1375,0.3197,LOW,"[""The activity occurred outside the home Region.""]"
evt-b6fef6eb-de35-4901-9a57-b76cc1707670,2026-08-01T16:14:28Z,developer-05,ListBuckets,s3,normal,0,,normal,False,0.097112,0.3583,0.025,0.2583,LOW,[]
evt-49b63e90-54e2-47a9-8cbe-0df95f464678,2026-08-01T16:31:18Z,ml-engineer-02,DescribeTable,dynamodb,normal,0,,normal,False,0.11322,0.3364,0.02,0.2415,LOW,[]
evt-c97cbcd3-36a9-488a-bba2-30c557a8e0ea,2026-08-01T16:33:01Z,developer-06,DescribeLogGroups,logs,normal,0,,normal,False,0.094449,0.362,0.0125,0.2571,LOW,[]
evt-23197085-28a6-48bf-9db6-3234beaef1d9,2026-08-01T16:34:22Z,ml-engineer-03,Query,dynamodb,normal,0,,normal,False,0.087548,0.3716,0.0375,0.2714,LOW,[]
evt-96c8cecf-fb8d-4186-9680-45cc4c5e9629,2026-08-01T16:48:58Z,developer-02,DescribeLogGroups,logs,normal,0,,normal,False,0.100799,0.3532,0.0125,0.251,LOW,[]
evt-13882b54-d0d6-47da-838b-a273e4e1c46d,2026-08-01T16:51:17Z,developer-02,DescribeTable,dynamodb,normal,0,,suspicious,True,-0.047105,0.5702,0.12,0.4351,MEDIUM,"[""The activity occurred outside the home Region.""]"
evt-4b7bf246-684e-4229-a3e6-384e2d311ade,2026-08-01T16:57:58Z,developer-08,GetMetricData,cloudwatch,normal,0,,normal,False,0.07714,0.3863,0.1125,0.3042,LOW,"[""The activity occurred outside the home Region.""]"
evt-9e38d986-6619-4979-ba11-ff35ed1bcba0,2026-08-01T16:58:55Z,ml-engineer-03,PutObject,s3,normal,0,,normal,False,0.029566,0.4558,0.05,0.334,LOW,[]
evt-cc089c23-0bcf-4ee9-9bff-1316f0902982,2026-08-01T17:03:51Z,ml-engineer-02,DescribeLogGroups,logs,normal,0,,normal,False,0.05473,0.4186,0.1125,0.3268,LOW,"[""The activity occurred outside the home Region.""]"
evt-00f2712b-5249-4549-81bb-54950ba1feae,2026-08-01T17:06:58Z,developer-07,GetCallerIdentity,sts,normal,0,,normal,False,0.089433,0.369,0.0125,0.262,LOW,[]
evt-b0ca71cd-cd91-4722-b867-758cf0e4fe43,2026-08-01T17:18:06Z,ml-engineer-01,GetObject,s3,normal,0,,normal,False,0.07714,0.3863,0.0375,0.2817,LOW,[]
evt-a04e6f7e-81d3-40c5-96d8-ecd5805d2750,2026-08-01T17:18:29Z,ml-engineer-03,GetCallerIdentity,sts,normal,0,,normal,False,0.019978,0.4701,0.0125,0.3328,LOW,[]
evt-3c14a440-4664-4647-928e-2bde10510f21,2026-08-01T17:26:17Z,developer-05,DescribeLogGroups,logs,normal,0,,normal,False,0.089433,0.369,0.0125,0.262,LOW,[]
evt-418c0158-3d8d-47f3-88c8-9d9f3175ef83,2026-08-01T17:28:34Z,developer-01,GetCallerIdentity,sts,normal,0,,normal,False,0.089433,0.369,0.0125,0.262,LOW,[]
evt-2a30abc3-34cd-498a-bf74-d43e14f57749,2026-08-01T17:36:09Z,developer-05,Query,dynamodb,normal,0,,normal,False,0.047506,0.4292,0.1375,0.3417,LOW,"[""The activity occurred outside the home Region.""]"
evt-20b3c7c2-a2d7-47c4-952a-a7de35b187fd,2026-08-01T17:40:35Z,data-scientist-03,DescribeInstances,ec2,normal,0,,normal,False,0.097661,0.3576,0.025,0.2578,LOW,[]
evt-0f464478-93f7-421b-b171-9ead098ad1b1,2026-08-01T17:49:59Z,ml-engineer-02,DescribeLogGroups,logs,normal,0,,normal,False,0.083933,0.3767,0.0125,0.2674,LOW,[]
evt-7744eb09-9c83-4589-85b6-8df36cff289b,2026-08-01T17:57:24Z,ml-engineer-03,DescribeInstances,ec2,normal,0,,normal,False,0.027194,0.4593,0.025,0.329,LOW,[]
evt-a4729d73-4e27-4df1-a11a-b6fce2519117,2026-08-01T17:59:28Z,developer-03,DescribeInstances,ec2,normal,0,,normal,False,0.07831,0.3847,0.125,0.3068,LOW,"[""The activity occurred outside the home Region.""]"
evt-2af90b56-4099-4dce-94d3-471e72fa81e1,2026-08-01T17:59:56Z,developer-03,DescribeTable,dynamodb,normal,0,,suspicious,True,-0.03761,0.5562,0.02,0.3953,LOW,[]
evt-b04b9dbf-68e5-49ed-8cf8-531aaa5bbf4a,2026-08-01T18:06:05Z,developer-07,GetCallerIdentity,sts,normal,0,,normal,False,0.068494,0.3987,0.0125,0.2828,LOW,[]
evt-29c8aca6-f892-4887-bbca-fc65e67cf752,2026-08-01T18:09:57Z,data-scientist-03,GetMetricData,cloudwatch,normal,0,,suspicious,True,-0.079762,0.6174,0.2125,0.4959,MEDIUM,"[""The activity occurred outside the home Region."", ""The AWS API call failed.""]"
evt-5362e98e-d09a-4569-9e9f-5484f002f920,2026-08-01T18:15:52Z,developer-04,GetMetricData,cloudwatch,normal,0,,normal,False,0.051842,0.4229,0.1125,0.3298,LOW,"[""The activity occurred outside the home Region.""]"
evt-f4ebd89e-efef-43d2-87c5-038dd804d5a9,2026-08-01T18:20:06Z,data-scientist-01,GetCallerIdentity,sts,normal,0,,normal,False,0.051842,0.4229,0.1125,0.3298,LOW,"[""The activity occurred outside the home Region.""]"
evt-26e8c3b6-8481-467a-bd3a-b1c1e06328c1,2026-08-01T18:24:23Z,developer-05,ListFunctions,lambda,normal,0,,normal,False,0.017563,0.4737,0.02,0.3376,LOW,[]
evt-9ca3d615-20b1-470f-a208-c16cc6a2c2a7,2026-08-01T18:47:01Z,data-scientist-02,PutObject,s3,normal,0,,normal,False,0.016478,0.4753,0.05,0.3477,LOW,[]
evt-133b50bd-d737-4e89-b85b-33067cf3c2d7,2026-08-01T18:48:35Z,developer-01,ListBuckets,s3,normal,0,,suspicious,True,-0.063429,0.594,0.125,0.4533,MEDIUM,"[""The AWS API call failed.""]"
evt-40af8585-3c08-4a99-8b44-3f7f9988e0fb,2026-08-01T18:48:54Z,developer-01,GetMetricData,cloudwatch,normal,0,,suspicious,True,-0.080563,0.6185,0.1125,0.4667,MEDIUM,"[""The activity occurred outside the home Region.""]"
evt-e85661bf-e0e8-4d2d-adb4-195fec1896e9,2026-08-01T18:54:10Z,ml-engineer-03,GetObject,s3,normal,0,,normal,False,0.040125,0.4401,0.1375,0.3493,LOW,"[""The activity occurred outside the home Region.""]"
evt-f475ef28-d23b-4796-8355-e5c013741fd3,2026-08-01T21:52:01Z,developer-02,DescribeTable,dynamodb,normal,0,,normal,False,0.045191,0.4326,0.02,0.3088,LOW,[]
evt-1c536f61-5275-4362-977c-92b937c06c91,2026-08-01T22:34:58Z,ml-engineer-01,CreateAccessKey,iam,suspicious,1,privilege-escalation,suspicious,True,-0.116257,0.6676,0.8875,0.7336,HIGH,"[""The event performed a sensitive operation."", ""The event happened at an unusual time."", ""The activity came from an external IP."", ""The activity occurred outside the home Region."", ""The AWS API action has a high security risk.""]"
evt-85d22752-a1b4-4945-ac13-ca9c9a487831,2026-08-01T22:43:31Z,developer-08,CreateAccessKey,iam,suspicious,1,privilege-escalation,suspicious,True,-0.116257,0.6676,0.8875,0.7336,HIGH,"[""The event performed a sensitive operation."", ""The event happened at an unusual time."", ""The activity came from an external IP."", ""The activity occurred outside the home Region."", ""The AWS API action has a high security risk.""]"
evt-28aae9b8-20cb-47d2-93c5-3511003f7575,2026-08-01T23:18:05Z,ml-engineer-03,DeleteTrail,cloudtrail,suspicious,1,defense-evasion,suspicious,True,-0.119739,0.6723,0.9,0.7406,HIGH,"[""The event performed a sensitive operation."", ""The event happened at an unusual time."", ""The activity came from an external IP."", ""The activity occurred outside the home Region."", ""The AWS API action has a high security risk.""]"
evt-ecd06495-0d00-451c-a1cb-de3a7c04fecb,2026-08-01T23:28:58Z,data-scientist-01,StopLogging,cloudtrail,suspicious,1,defense-evasion,suspicious,True,-0.119739,0.6723,0.9,0.7406,HIGH,"[""The event performed a sensitive operation."", ""The event happened at an unusual time."", ""The activity came from an external IP."", ""The activity occurred outside the home Region."", ""The AWS API action has a high security risk.""]"
evt-ab5b8b62-a138-4157-80f9-fa97d7a73848,2026-08-01T23:36:05Z,data-scientist-01,BatchGetItem,dynamodb,suspicious,1,data-exfiltration,suspicious,True,-0.118782,0.671,0.855,0.7262,HIGH,"[""The event performed a sensitive operation."", ""The event happened at an unusual time."", ""The activity came from an external IP."", ""The activity occurred outside the home Region."", ""The AWS API action has a high security risk.""]"
evt-2193d1e3-a62c-410d-aee9-120f938e640a,2026-08-02T00:32:52Z,data-scientist-02,PutEventSelectors,cloudtrail,suspicious,1,defense-evasion,suspicious,True,-0.125421,0.6797,0.875,0.7383,HIGH,"[""The event performed a sensitive operation."", ""The event happened at an unusual time."", ""The activity came from an external IP."", ""The activity occurred outside the home Region."", ""The AWS API action has a high security risk.""]"
evt-36aa2aa1-1f58-4b5d-b0a7-af762e2d04c2,2026-08-02T00:36:20Z,ml-engineer-01,GetSessionToken,sts,suspicious,1,credential-compromise,suspicious,True,-0.125421,0.6797,0.85,0.7308,HIGH,"[""The event performed a sensitive operation."", ""The event happened at an unusual time."", ""The activity came from an external IP."", ""The activity occurred outside the home Region."", ""The AWS API action has a high security risk.""]"
evt-bb4a33a8-8bbb-4d9d-a855-73cae9a49204,2026-08-02T02:50:36Z,developer-02,ListBuckets,s3,normal,0,,suspicious,True,-0.081084,0.6193,0.175,0.486,MEDIUM,"[""The event happened at an unusual time.""]"
evt-9df2f2f8-ddde-4b42-8822-1d3b9aa23cb4,2026-08-02T03:04:06Z,ml-engineer-01,PutPublicAccessBlock,s3,suspicious,1,public-exposure,suspicious,True,-0.114826,0.6657,0.87,0.727,HIGH,"[""The event performed a sensitive operation."", ""The event happened at an unusual time."", ""The activity came from an external IP."", ""The activity occurred outside the home Region."", ""The AWS API action has a high security risk.""]"
evt-340b960d-9b3a-4675-b5cf-65221e310e6f,2026-08-02T03:05:16Z,data-scientist-02,AuthorizeSecurityGroupIngress,ec2,suspicious,1,public-exposure,suspicious,True,-0.114826,0.6657,0.875,0.7285,HIGH,"[""The event performed a sensitive operation."", ""The event happened at an unusual time."", ""The activity came from an external IP."", ""The activity occurred outside the home Region."", ""The AWS API action has a high security risk.""]"
evt-e33764e5-3510-4664-b438-6ac7a9046aff,2026-08-02T03:25:41Z,developer-07,GetObject,s3,suspicious,1,data-exfiltration,suspicious,True,-0.114826,0.6657,0.845,0.7195,HIGH,"[""The event performed a sensitive operation."", ""The event happened at an unusual time."", ""The activity came from an external IP."", ""The activity occurred outside the home Region."", ""The AWS API action has a high security risk.""]"
evt-fa7780be-0a15-4804-b854-ac7551c8ef13,2026-08-02T03:50:53Z,developer-08,DescribeLogGroups,logs,normal,0,,suspicious,True,-0.100674,0.6466,0.2625,0.5314,MEDIUM,"[""The event happened at an unusual time."", ""The activity occurred outside the home Region.""]"
evt-61d4508c-e211-49b1-b5cf-34a6da6ca9ab,2026-08-02T04:01:41Z,developer-04,PutBucketPolicy,s3,suspicious,1,public-exposure,suspicious,True,-0.110031,0.6593,0.88,0.7255,HIGH,"[""The event performed a sensitive operation."", ""The event happened at an unusual time."", ""The activity came from an external IP."", ""The activity occurred outside the home Region."", ""The AWS API action has a high security risk.""]"
evt-db4b3628-d577-4137-b6f6-4a6786cd0d98,2026-08-02T05:25:08Z,data-scientist-02,PutEventSelectors,cloudtrail,suspicious,1,defense-evasion,suspicious,True,-0.171506,0.7367,0.975,0.8082,HIGH,"[""The event performed a sensitive operation."", ""The event happened at an unusual time."", ""The activity came from an external IP."", ""The activity occurred outside the home Region."", ""The AWS API call failed."", ""The AWS API action has a high security risk.""]"
evt-654445d7-5193-4888-a827-5ccfad0a47cc,2026-08-02T08:02:30Z,data-scientist-01,Query,dynamodb,normal,0,,normal,False,0.060682,0.41,0.1375,0.3282,LOW,"[""The activity occurred outside the home Region.""]"
evt-89806c29-2a5d-4002-9dab-b2b7d99115cf,2026-08-02T08:08:56Z,developer-07,PutObject,s3,normal,0,,normal,False,0.007232,0.4892,0.15,0.3874,LOW,"[""The activity occurred outside the home Region.""]"
evt-a9cee9cc-926a-4486-a5ab-19893263f306,2026-08-02T08:19:58Z,developer-07,GetObject,s3,normal,0,,normal,False,0.075975,0.388,0.0375,0.2828,LOW,[]
evt-a3293b32-86e5-4703-ae3d-8ca5a582532f,2026-08-02T08:27:41Z,developer-03,Query,dynamodb,normal,0,,normal,False,0.060682,0.41,0.1375,0.3282,LOW,"[""The activity occurred outside the home Region.""]"
evt-e6d624c9-6d4a-4b7c-b5f4-2720ff8eda00,2026-08-02T08:30:30Z,developer-05,Query,dynamodb,normal,0,,normal,False,0.082844,0.3782,0.0375,0.276,LOW,[]
evt-6710df48-ef47-4b7c-a038-463b93b0c869,2026-08-02T08:37:03Z,ml-engineer-01,GetObject,s3,normal,0,,normal,False,0.060682,0.41,0.1375,0.3282,LOW,"[""The activity occurred outside the home Region.""]"
evt-c6f9f280-33c6-4481-88aa-ee6d9b202d15,2026-08-02T08:44:34Z,data-scientist-03,DescribeInstances,ec2,normal,0,,normal,False,0.096508,0.3592,0.025,0.2589,LOW,[]
evt-0fa3e112-1c89-441a-977a-b1974c0fcb35,2026-08-02T08:48:09Z,ml-engineer-03,Query,dynamodb,normal,0,,normal,False,0.082844,0.3782,0.0375,0.276,LOW,[]
evt-27c48937-72a1-4b9d-b77f-bfd9a11912ad,2026-08-02T08:51:12Z,ml-engineer-02,ListFunctions,lambda,normal,0,,normal,False,0.099389,0.3552,0.02,0.2546,LOW,[]
evt-cc2855de-d8bf-4704-9594-0264f83cf483,2026-08-02T08:59:22Z,ml-engineer-01,DescribeTable,dynamodb,normal,0,,normal,False,0.087969,0.371,0.02,0.2657,LOW,[]
evt-60a6513e-6ad1-45da-a7b9-b3765bd5e4fa,2026-08-02T09:08:14Z,ml-engineer-02,GetCallerIdentity,sts,normal,0,,normal,False,0.098216,0.3568,0.0125,0.2535,LOW,[]
evt-5c353b66-6d41-4138-b8f3-d933c670e8d2,2026-08-02T09:08:16Z,data-scientist-01,ListBuckets,s3,normal,0,,normal,False,0.092204,0.3651,0.125,0.2931,LOW,"[""The activity occurred outside the home Region.""]"
evt-916f0cc0-a062-4b9c-8bc5-57feaf89bf96,2026-08-02T09:08:48Z,data-scientist-02,DescribeTable,dynamodb,normal,0,,normal,False,0.093141,0.3638,0.12,0.2907,LOW,"[""The activity occurred outside the home Region.""]"
evt-7546b8af-4b64-4a9d-9660-1ba34281ff16,2026-08-02T09:12:24Z,ml-engineer-02,PutObject,s3,normal,0,,suspicious,True,-0.096867,0.6413,0.05,0.4639,MEDIUM,[]
evt-71a50975-b694-40f3-ab3e-fdd7d7a46036,2026-08-02T09:18:23Z,developer-01,PutObject,s3,normal,0,,normal,False,0.036566,0.4454,0.05,0.3268,LOW,[]
evt-207da930-3fc0-4008-acfd-503588225671,2026-08-02T09:20:44Z,developer-05,ListBuckets,s3,normal,0,,normal,False,0.102078,0.3515,0.025,0.2535,LOW,[]
evt-302ea036-940b-4b82-8c05-3b0dd14f1650,2026-08-02T09:23:58Z,developer-02,DescribeTable,dynamodb,normal,0,,normal,False,0.11375,0.3357,0.02,0.241,LOW,[]
evt-d2bf968b-a5af-4fec-81a2-1edd259802bc,2026-08-02T09:37:46Z,developer-07,GetObject,s3,normal,0,,normal,False,0.096002,0.3599,0.0375,0.2631,LOW,[]
evt-1389c834-052d-4831-945b-1b1873904fff,2026-08-02T09:45:41Z,data-scientist-02,PutObject,s3,normal,0,,normal,False,0.010933,0.4836,0.15,0.3835,LOW,"[""The activity occurred outside the home Region.""]"
evt-8dd09bb4-c5e0-49a7-a87b-f2d2e3c82b9a,2026-08-02T10:05:46Z,developer-07,DescribeLogGroups,logs,normal,0,,normal,False,0.073864,0.391,0.1125,0.3074,LOW,"[""The activity occurred outside the home Region.""]"
evt-b7d12421-7bb9-4424-98c6-0af172e669b4,2026-08-02T10:11:28Z,developer-06,ListBuckets,s3,normal,0,,suspicious,True,-0.062011,0.592,0.225,0.4819,MEDIUM,"[""The activity occurred outside the home Region."", ""The AWS API call failed.""]"
evt-240ba337-f0e2-4449-9d67-63561f66b58b,2026-08-02T10:26:02Z,data-scientist-02,GetMetricData,cloudwatch,normal,0,,normal,False,0.108017,0.3434,0.0125,0.2441,LOW,[]
evt-c352fec0-1ca4-44f8-af52-eb19a0ea1594,2026-08-02T10:26:35Z,data-scientist-01,ListBuckets,s3,normal,0,,normal,False,0.095347,0.3608,0.125,0.29,LOW,"[""The activity occurred outside the home Region.""]"
evt-1a0543cf-537f-4114-aa73-34087268062e,2026-08-02T10:44:25Z,developer-08,GetMetricData,cloudwatch,normal,0,,normal,False,0.110887,0.3395,0.0125,0.2414,LOW,[]
evt-1eb30b5f-18a0-4cd7-b2a1-1e7687da7f98,2026-08-02T10:46:02Z,ml-engineer-03,PutObject,s3,normal,0,,normal,False,0.041812,0.4376,0.05,0.3213,LOW,[]
evt-4526a106-50a4-4511-bc86-70adda0f1dd0,2026-08-02T10:50:12Z,developer-05,DescribeLogGroups,logs,normal,0,,normal,False,0.080229,0.3819,0.1125,0.3011,LOW,"[""The activity occurred outside the home Region.""]"
evt-198965d4-d749-41b3-a7ca-bef4b0620604,2026-08-02T11:01:07Z,data-scientist-02,GetCallerIdentity,sts,normal,0,,normal,False,0.107909,0.3436,0.0125,0.2442,LOW,[]
evt-c80d5b88-b87f-4c9a-8d33-06725f2751ee,2026-08-02T11:11:54Z,developer-08,GetCallerIdentity,sts,normal,0,,normal,False,0.07769,0.3855,0.1125,0.3036,LOW,"[""The activity occurred outside the home Region.""]"
evt-c4a5a64a-0663-4af7-8e13-fb7f914a05cb,2026-08-02T11:17:06Z,developer-01,PutObject,s3,normal,0,,normal,False,0.045994,0.4314,0.05,0.317,LOW,[]
evt-29ed9da4-494f-4ea4-aedf-e47fbcc25f2a,2026-08-02T11:25:40Z,developer-08,PutObject,s3,normal,0,,suspicious,True,-0.00807,0.5121,0.05,0.3735,LOW,[]
evt-886dabb8-d909-4d85-b6f3-a92ac621a550,2026-08-02T11:28:45Z,developer-05,DescribeLogGroups,logs,normal,0,,normal,False,0.107909,0.3436,0.0125,0.2442,LOW,[]
evt-d3b770fb-5e82-4352-981e-ef9b8adef2ed,2026-08-02T11:29:18Z,developer-05,GetObject,s3,normal,0,,suspicious,True,-0.048953,0.5729,0.1375,0.4423,MEDIUM,"[""The activity occurred outside the home Region.""]"
evt-c3f61c80-4405-49f8-abe5-42c32500f562,2026-08-02T11:37:07Z,developer-05,ListFunctions,lambda,normal,0,,normal,False,0.045626,0.432,0.02,0.3084,LOW,[]
evt-926baa28-ef49-46e1-8d38-8c05c9f2039c,2026-08-02T11:51:47Z,developer-04,GetMetricData,cloudwatch,normal,0,,normal,False,0.113044,0.3366,0.0125,0.2394,LOW,[]
evt-0d241416-847d-4616-b0a4-f60c69116205,2026-08-02T11:57:33Z,developer-03,Query,dynamodb,normal,0,,normal,False,0.082586,0.3786,0.1375,0.3063,LOW,"[""The activity occurred outside the home Region.""]"
evt-b7968bf2-9a2b-4858-b7d7-dd6f12d408bc,2026-08-02T12:12:46Z,data-scientist-03,DescribeInstances,ec2,normal,0,,normal,False,0.122395,0.3242,0.025,0.2345,LOW,[]
evt-83163a25-dd1c-4880-8232-deebdf779e73,2026-08-02T12:13:36Z,ml-engineer-03,DescribeInstances,ec2,normal,0,,normal,False,0.103426,0.3497,0.125,0.2823,LOW,"[""The activity occurred outside the home Region.""]"
evt-2bea602e-d264-4cd2-bb0d-5457f853fcbf,2026-08-02T12:26:00Z,developer-02,DescribeInstances,ec2,normal,0,,normal,False,0.103426,0.3497,0.125,0.2823,LOW,"[""The activity occurred outside the home Region.""]"
evt-8c363556-ae04-4758-b99a-62a95c7579af,2026-08-02T12:44:33Z,developer-07,DescribeInstances,ec2,normal,0,,normal,False,0.103426,0.3497,0.125,0.2823,LOW,"[""The activity occurred outside the home Region.""]"
evt-6b1688b1-0ffc-4853-a2aa-3f43f8771545,2026-08-02T13:41:09Z,ml-engineer-02,Query,dynamodb,normal,0,,normal,False,0.083192,0.3777,0.1375,0.3057,LOW,"[""The activity occurred outside the home Region.""]"
evt-e9ba1b69-083e-4875-8cf5-2d04775dc199,2026-08-02T13:41:15Z,ml-engineer-03,DescribeInstances,ec2,normal,0,,normal,False,0.12233,0.3243,0.025,0.2345,LOW,[]
evt-b1b2bfbf-be42-4162-84ae-a60418d64d5a,2026-08-02T13:43:36Z,developer-08,GetCallerIdentity,sts,normal,0,,normal,False,0.086408,0.3732,0.1125,0.295,LOW,"[""The activity occurred outside the home Region.""]"
evt-eb45e756-88da-406c-b5b8-5c61c0e3cc81,2026-08-02T13:51:02Z,ml-engineer-02,PutObject,s3,normal,0,,normal,False,0.049404,0.4264,0.05,0.3135,LOW,[]
evt-cda0c608-f3aa-4a4a-a474-a68f352fdd0c,2026-08-02T13:53:59Z,developer-08,ListBuckets,s3,normal,0,,normal,False,0.110838,0.3396,0.025,0.2452,LOW,[]
evt-9a9b95d9-b782-40f4-8894-d3d270d08fac,2026-08-02T14:09:45Z,data-scientist-03,ListBuckets,s3,normal,0,,normal,False,0.102653,0.3507,0.125,0.283,LOW,"[""The activity occurred outside the home Region.""]"
evt-7996b816-4da9-4ba7-ac17-a0bae288fe4f,2026-08-02T14:10:52Z,developer-05,GetMetricData,cloudwatch,normal,0,,normal,False,0.114508,0.3347,0.0125,0.238,LOW,[]
evt-c7b2fca6-211d-44a8-9dcc-a26d07de9975,2026-08-02T14:10:59Z,ml-engineer-03,GetMetricData,cloudwatch,normal,0,,normal,False,0.105958,0.3462,0.0125,0.2461,LOW,[]
evt-74ff2e1a-dc60-48ad-963b-0e39eb122b04,2026-08-02T14:18:11Z,ml-engineer-02,PutObject,s3,normal,0,,suspicious,True,-0.021829,0.5327,0.15,0.4179,MEDIUM,"[""The activity occurred outside the home Region.""]"
evt-51c0469d-c113-4270-8000-2dcc5bf79216,2026-08-02T14:22:52Z,data-scientist-03,ListFunctions,lambda,normal,0,,normal,False,0.112656,0.3372,0.02,0.242,LOW,[]
evt-f198413a-149b-46c7-a0d9-443486b93be2,2026-08-02T14:30:53Z,data-scientist-01,GetCallerIdentity,sts,normal,0,,normal,False,0.085126,0.375,0.1125,0.2963,LOW,"[""The activity occurred outside the home Region.""]"
evt-ad2f78a4-9328-4351-850b-85ded9484f08,2026-08-02T14:31:02Z,ml-engineer-01,DescribeTable,dynamodb,normal,0,,normal,False,0.1037,0.3493,0.12,0.2805,LOW,"[""The activity occurred outside the home Region.""]"
evt-e7a55c1d-8b01-4954-afb5-6f7bfe541535,2026-08-02T14:32:15Z,developer-07,DescribeLogGroups,logs,normal,0,,normal,False,0.085126,0.375,0.1125,0.2963,LOW,"[""The activity occurred outside the home Region.""]"
evt-5c1f2023-bf0c-4f83-99d6-0874a25c7031,2026-08-02T14:50:01Z,developer-04,GetObject,s3,normal,0,,normal,False,0.103509,0.3495,0.0375,0.2559,LOW,[]
evt-c9e73e8f-f046-471f-8777-290f1eb848d4,2026-08-02T14:56:10Z,developer-02,Query,dynamodb,normal,0,,normal,False,0.082241,0.3791,0.1375,0.3066,LOW,"[""The activity occurred outside the home Region.""]"
evt-445caeb6-92f9-499d-87a9-c37594eafebc,2026-08-02T14:59:47Z,developer-01,DescribeTable,dynamodb,normal,0,,normal,False,0.1037,0.3493,0.12,0.2805,LOW,"[""The activity occurred outside the home Region.""]"
evt-94f54da5-f56c-4fef-b5d9-234bc15e668e,2026-08-02T15:03:08Z,developer-01,Query,dynamodb,normal,0,,suspicious,True,-0.054174,0.5806,0.1375,0.4476,MEDIUM,"[""The activity occurred outside the home Region.""]"
evt-38831ecc-9351-4ccf-b8f2-44a74e44437f,2026-08-02T15:08:13Z,developer-02,GetObject,s3,normal,0,,normal,False,0.088492,0.3703,0.0375,0.2705,LOW,[]
evt-b1fce599-c91c-4e49-ab4b-c2c562ca3bf7,2026-08-02T15:09:20Z,data-scientist-03,Query,dynamodb,normal,0,,normal,False,0.027787,0.4584,0.0375,0.3321,LOW,[]
evt-a7be7002-c307-41a5-ac10-fd70690f35be,2026-08-02T15:11:57Z,developer-04,ListBuckets,s3,normal,0,,normal,False,0.10463,0.348,0.025,0.2511,LOW,[]
evt-770df2e1-ff5e-4a07-b0e7-f73b51d6fcb8,2026-08-02T15:20:57Z,developer-03,DescribeTable,dynamodb,normal,0,,normal,False,0.119294,0.3283,0.02,0.2358,LOW,[]
evt-320b2148-1d88-423b-bad5-77cce3d3fd5a,2026-08-02T15:45:31Z,data-scientist-02,GetObject,s3,normal,0,,normal,False,0.09662,0.359,0.0375,0.2625,LOW,[]
evt-8e54a309-daa4-4c87-9fee-f2fc5f5b0692,2026-08-02T15:47:19Z,data-scientist-03,DescribeTable,dynamodb,normal,0,,normal,False,0.10838,0.3429,0.02,0.246,LOW,[]
evt-6eebbec0-95c0-4c42-ac25-1d4057f65ba9,2026-08-02T15:53:57Z,developer-05,ListBuckets,s3,normal,0,,normal,False,0.115626,0.3332,0.025,0.2407,LOW,[]
evt-ad4ca639-e89f-4ceb-94bb-88640a2459d3,2026-08-02T16:22:22Z,data-scientist-02,Query,dynamodb,normal,0,,normal,False,0.076491,0.3872,0.0375,0.2823,LOW,[]
evt-e758e10a-70de-471f-bc4c-d83b3d637807,2026-08-02T16:33:53Z,developer-05,PutObject,s3,normal,0,,normal,False,0.029566,0.4558,0.05,0.334,LOW,[]
evt-4e0ebb71-8789-4aa4-8009-2ceb5b7f2245,2026-08-02T16:42:46Z,developer-06,ListFunctions,lambda,normal,0,,normal,False,0.093884,0.3628,0.12,0.2899,LOW,"[""The activity occurred outside the home Region.""]"
evt-54223b59-edd6-459b-b43a-3bccb81f5527,2026-08-02T16:46:56Z,data-scientist-03,PutEventSelectors,cloudtrail,suspicious,1,defense-evasion,suspicious,True,-0.102423,0.649,0.825,0.7018,HIGH,"[""The event performed a sensitive operation."", ""The activity came from an external IP."", ""The activity occurred outside the home Region."", ""The AWS API call failed."", ""The AWS API action has a high security risk.""]"
evt-c34da92a-9306-45ea-99e4-8cc9b465fad7,2026-08-02T16:56:22Z,data-scientist-03,PutObject,s3,normal,0,,normal,False,0.029566,0.4558,0.05,0.334,LOW,[]
evt-90d5146d-2d79-4adf-8d5f-ddbd36a9a450,2026-08-02T17:00:26Z,ml-engineer-03,GetCallerIdentity,sts,normal,0,,normal,False,0.065802,0.4026,0.1125,0.3155,LOW,"[""The activity occurred outside the home Region.""]"
evt-43aaaaaf-b74d-4e5c-9988-b6d9dd65c753,2026-08-02T17:07:33Z,developer-06,GetMetricData,cloudwatch,normal,0,,normal,False,0.083933,0.3767,0.0125,0.2674,LOW,[]
evt-0646a93a-db5d-417d-8f2f-d920685b8288,2026-08-02T17:09:06Z,ml-engineer-03,DescribeInstances,ec2,normal,0,,normal,False,0.069241,0.3976,0.125,0.3158,LOW,"[""The activity occurred outside the home Region.""]"
evt-ce4791c1-eeb1-4b78-a9c8-8023d87e74c2,2026-08-02T17:24:28Z,developer-01,GetObject,s3,normal,0,,normal,False,0.057555,0.4145,0.1375,0.3314,LOW,"[""The activity occurred outside the home Region.""]"
evt-c93f07a7-da7e-4636-8e71-52e5e69d1de6,2026-08-02T17:28:39Z,ml-engineer-02,GetCallerIdentity,sts,normal,0,,normal,False,0.089433,0.369,0.0125,0.262,LOW,[]
evt-37e07f77-c6ef-4f5e-afe3-ebdcaa5206f3,2026-08-02T17:30:02Z,data-scientist-03,AttachUserPolicy,iam,suspicious,1,privilege-escalation,suspicious,True,-0.125871,0.6803,0.845,0.7297,HIGH,"[""The event performed a sensitive operation."", ""The activity came from an external IP."", ""The activity occurred outside the home Region."", ""The AWS API call failed."", ""The AWS API action has a high security risk.""]"
evt-6cd19eb2-5cdf-4ead-b7e9-b845ce6bc75b,2026-08-02T17:39:30Z,developer-05,PutObject,s3,normal,0,,normal,False,0.026773,0.4599,0.05,0.3369,LOW,[]
evt-549bf616-90ea-4372-852a-a1ae15c17efd,2026-08-02T17:42:31Z,developer-03,GetObject,s3,normal,0,,normal,False,0.07714,0.3863,0.0375,0.2817,LOW,[]
evt-45325f37-2618-40ba-bdfb-bece5b987a89,2026-08-02T17:42:39Z,developer-07,ListBuckets,s3,normal,0,,normal,False,0.07831,0.3847,0.125,0.3068,LOW,"[""The activity occurred outside the home Region.""]"
evt-6b1c5d12-a3db-4834-a60a-49f816173cb7,2026-08-02T17:53:48Z,developer-05,GetMetricData,cloudwatch,normal,0,,normal,False,0.05473,0.4186,0.1125,0.3268,LOW,"[""The activity occurred outside the home Region.""]"
evt-d5275a39-99df-4f84-9ae2-c983951d672e,2026-08-02T18:08:24Z,ml-engineer-03,GetMetricData,cloudwatch,normal,0,,normal,False,0.068494,0.3987,0.0125,0.2828,LOW,[]
evt-f272f848-963f-400d-b315-cab2a9e28817,2026-08-02T18:20:58Z,data-scientist-03,DescribeLogGroups,logs,normal,0,,normal,False,0.026065,0.461,0.0125,0.3264,LOW,[]
evt-cbed5ad9-e0c0-420f-b702-0aaba3eda0df,2026-08-02T18:32:16Z,developer-06,DescribeInstances,ec2,normal,0,,normal,False,0.068021,0.3994,0.125,0.3171,LOW,"[""The activity occurred outside the home Region.""]"
evt-b329657c-a6f9-4c3b-b30c-1c5e4736f7ba,2026-08-02T18:39:16Z,developer-06,ListFunctions,lambda,normal,0,,normal,False,0.058163,0.4136,0.12,0.3255,LOW,"[""The activity occurred outside the home Region.""]"
evt-c3981c12-4feb-4656-b4b6-0e3c840d5d27,2026-08-02T18:45:21Z,developer-03,DescribeTable,dynamodb,normal,0,,normal,False,0.084995,0.3752,0.02,0.2686,LOW,[]
evt-55ea930f-26e1-47e6-b5d3-03828f1194be,2026-08-02T18:54:55Z,data-scientist-03,DescribeLogGroups,logs,normal,0,,normal,False,0.043279,0.4354,0.1125,0.3386,LOW,"[""The activity occurred outside the home Region.""]"
evt-3bdbb7b5-80ff-4954-a437-a178df2f3aa3,2026-08-02T18:58:34Z,ml-engineer-03,PutObject,s3,normal,0,,normal,False,0.010689,0.484,0.05,0.3538,LOW,[]
evt-ebed5d85-d308-40f5-8988-cda1d136530f,2026-08-02T19:03:59Z,data-scientist-02,DescribeLogGroups,logs,normal,0,,normal,False,0.059686,0.4114,0.0125,0.2917,LOW,[]
evt-52ad8f59-feea-48a7-8928-734701beec33,2026-08-02T22:04:41Z,developer-07,GetObject,s3,suspicious,1,data-exfiltration,suspicious,True,-0.116257,0.6676,0.845,0.7209,HIGH,"[""The event performed a sensitive operation."", ""The event happened at an unusual time."", ""The activity came from an external IP."", ""The activity occurred outside the home Region."", ""The AWS API action has a high security risk.""]"
evt-3e70bcbd-8e44-4c41-8808-0b5aec9f0c80,2026-08-02T22:18:40Z,developer-04,SelectObjectContent,s3,suspicious,1,data-exfiltration,suspicious,True,-0.175636,0.7415,0.97,0.8101,HIGH,"[""The event performed a sensitive operation."", ""The event happened at an unusual time."", ""The activity came from an external IP."", ""The activity occurred outside the home Region."", ""The AWS API call failed."", ""The AWS API action has a high security risk.""]"
evt-a0069002-f56f-4b76-bdb8-b8843dacd7c3,2026-08-02T22:19:31Z,developer-03,AuthorizeSecurityGroupIngress,ec2,suspicious,1,public-exposure,suspicious,True,-0.116257,0.6676,0.875,0.7299,HIGH,"[""The event performed a sensitive operation."", ""The event happened at an unusual time."", ""The activity came from an external IP."", ""The activity occurred outside the home Region."", ""The AWS API action has a high security risk.""]"
evt-e3eb4831-cf20-47e6-9209-5a700e3e4b67,2026-08-02T22:27:22Z,data-scientist-01,GetSessionToken,sts,suspicious,1,credential-compromise,suspicious,True,-0.116257,0.6676,0.85,0.7224,HIGH,"[""The event performed a sensitive operation."", ""The event happened at an unusual time."", ""The activity came from an external IP."", ""The activity occurred outside the home Region."", ""The AWS API action has a high security risk.""]"
evt-1af455ab-a53b-4940-ba8c-96955e4fb7ce,2026-08-02T22:30:00Z,developer-08,GetObject,s3,suspicious,1,data-exfiltration,suspicious,True,-0.116257,0.6676,0.845,0.7209,HIGH,"[""The event performed a sensitive operation."", ""The event happened at an unusual time."", ""The activity came from an external IP."", ""The activity occurred outside the home Region."", ""The AWS API action has a high security risk.""]"
evt-c93cc71c-2f36-42c3-bbb7-9abb2f716b47,2026-08-02T22:41:41Z,developer-05,ListBuckets,s3,normal,0,,suspicious,True,-0.084516,0.6241,0.275,0.5194,MEDIUM,"[""The event happened at an unusual time."", ""The activity occurred outside the home Region.""]"
evt-5137718a-c478-450d-8b61-7492f4196c4d,2026-08-02T23:39:05Z,developer-03,PutObject,s3,normal,0,,suspicious,True,-0.119739,0.6723,0.3,0.5606,MEDIUM,"[""The event happened at an unusual time."", ""The activity occurred outside the home Region.""]"
evt-409f46b0-15d7-44ae-ba8a-dd7027c965a9,2026-08-02T23:54:45Z,developer-03,DescribeSecurityGroups,ec2,suspicious,1,reconnaissance,suspicious,True,-0.118782,0.671,0.82,0.7157,HIGH,"[""The event performed a sensitive operation."", ""The event happened at an unusual time."", ""The activity came from an external IP."", ""The activity occurred outside the home Region.""]"
evt-b0ed9814-1b1c-48cc-961a-a3e8e64f26f5,2026-08-03T00:20:18Z,developer-06,CreateAccessKey,iam,suspicious,1,privilege-escalation,suspicious,True,-0.108367,0.6571,0.8875,0.7262,HIGH,"[""The event performed a sensitive operation."", ""The event happened at an unusual time."", ""The activity came from an external IP."", ""The activity occurred outside the home Region."", ""The AWS API action has a high security risk.""]"
evt-11ef1d51-ebab-4099-b80f-8e485bb43cb0,2026-08-03T01:05:21Z,developer-08,DescribeLogGroups,logs,normal,0,,suspicious,True,-0.077449,0.6141,0.1625,0.4786,MEDIUM,"[""The event happened at an unusual time.""]"
evt-cbcc1ca9-4581-486b-b2dc-a16bda0dd7df,2026-08-03T01:33:17Z,developer-08,PutPublicAccessBlock,s3,suspicious,1,public-exposure,suspicious,True,-0.105197,0.6528,0.87,0.7179,HIGH,"[""The event performed a sensitive operation."", ""The event happened at an unusual time."", ""The activity came from an external IP."", ""The activity occurred outside the home Region."", ""The AWS API action has a high security risk.""]"
evt-4df1edf5-5cdc-4e2e-842e-a2e834c487ae,2026-08-03T01:37:40Z,data-scientist-03,SelectObjectContent,s3,suspicious,1,data-exfiltration,suspicious,True,-0.103228,0.6501,0.87,0.7161,HIGH,"[""The event performed a sensitive operation."", ""The event happened at an unusual time."", ""The activity came from an external IP."", ""The activity occurred outside the home Region."", ""The AWS API action has a high security risk.""]"
evt-d81c11f8-2673-4075-ac6a-439778e05319,2026-08-03T02:24:20Z,data-scientist-02,ConsoleLogin,signin,suspicious,1,credential-compromise,suspicious,True,-0.097577,0.6423,0.8625,0.7084,HIGH,"[""The event performed a sensitive operation."", ""The event happened at an unusual time."", ""The activity came from an external IP."", ""The activity occurred outside the home Region."", ""The AWS API action has a high security risk.""]"
evt-f7827cb9-5c56-4703-b7e6-51f8040afde0,2026-08-03T02:29:27Z,data-scientist-01,AuthorizeSecurityGroupIngress,ec2,suspicious,1,public-exposure,suspicious,True,-0.097577,0.6423,0.875,0.7121,HIGH,"[""The event performed a sensitive operation."", ""The event happened at an unusual time."", ""The activity came from an external IP."", ""The activity occurred outside the home Region."", ""The AWS API action has a high security risk.""]"
evt-079a3064-07c5-46c6-9780-379a54477610,2026-08-03T02:42:04Z,developer-06,ListBuckets,s3,normal,0,,suspicious,True,-0.056079,0.5833,0.175,0.4608,MEDIUM,"[""The event happened at an unusual time.""]"
evt-73b6dd2e-adc3-4e77-bcc8-f3b7330c4f97,2026-08-03T03:37:01Z,developer-04,AssumeRole,sts,suspicious,1,credential-compromise,suspicious,True,-0.162982,0.7267,0.955,0.7952,HIGH,"[""The event performed a sensitive operation."", ""The event happened at an unusual time."", ""The activity came from an external IP."", ""The activity occurred outside the home Region."", ""The AWS API call failed."", ""The AWS API action has a high security risk.""]"
evt-58a29438-6872-4b31-ae49-908b60dcff71,2026-08-03T04:05:09Z,ml-engineer-03,AssumeRole,sts,suspicious,1,credential-compromise,suspicious,True,-0.085554,0.6256,0.855,0.6944,MEDIUM,"[""The event performed a sensitive operation."", ""The event happened at an unusual time."", ""The activity came from an external IP."", ""The activity occurred outside the home Region."", ""The AWS API action has a high security risk.""]"
evt-dc8e06df-740e-4977-8465-93259465e24b,2026-08-03T07:02:07Z,developer-02,ConsoleLogin,signin,suspicious,1,credential-compromise,normal,False,0.04255,0.4365,0.7125,0.5193,MEDIUM,"[""The event performed a sensitive operation."", ""The activity came from an external IP."", ""The activity occurred outside the home Region."", ""The AWS API action has a high security risk.""]"
evt-423c5858-c590-4200-b08f-d4d354a5a0c3,2026-08-03T07:27:29Z,ml-engineer-01,Query,dynamodb,normal,0,,normal,False,0.119704,0.3278,0.0375,0.2407,LOW,[]
evt-86d1e948-578f-4afb-92a5-c46ff186f0af,2026-08-03T08:11:55Z,developer-03,GetMetricData,cloudwatch,normal,0,,normal,False,0.116535,0.332,0.1125,0.2661,LOW,"[""The activity occurred outside the home Region.""]"
evt-d2210095-92ce-4ef2-98a2-88607a031979,2026-08-03T08:13:35Z,developer-06,ListBuckets,s3,normal,0,,normal,False,0.141061,0.3002,0.025,0.2176,LOW,[]
evt-1bec0a01-202f-4cb2-8bdd-80c2e556d696,2026-08-03T08:15:31Z,developer-02,DescribeLogGroups,logs,normal,0,,normal,False,0.116535,0.332,0.1125,0.2661,LOW,"[""The activity occurred outside the home Region.""]"
evt-c225ce21-0de3-46b6-9f03-5dd16623693f,2026-08-03T08:16:29Z,ml-engineer-02,PutObject,s3,normal,0,,normal,False,0.064556,0.4044,0.05,0.2981,LOW,[]
evt-7d9e21ea-42f8-4a30-bcff-409dd5acd60a,2026-08-03T08:19:32Z,developer-06,DescribeTable,dynamodb,normal,0,,normal,False,0.124343,0.3217,0.02,0.2312,LOW,[]
evt-4b5aac18-9c7e-41f8-a1b0-ef7638cd11a2,2026-08-03T08:19:39Z,ml-engineer-03,ListBuckets,s3,normal,0,,normal,False,0.126202,0.3193,0.125,0.261,LOW,"[""The activity occurred outside the home Region.""]"
evt-8fb1882f-5935-4967-bce3-8cfaeb584084,2026-08-03T08:40:06Z,data-scientist-02,PutObject,s3,normal,0,,normal,False,0.052172,0.4224,0.15,0.3407,LOW,"[""The activity occurred outside the home Region.""]"
evt-d2ee0bf3-c9f4-443d-aa8d-3f69be885cb8,2026-08-03T08:53:10Z,ml-engineer-03,PutObject,s3,normal,0,,normal,False,0.054575,0.4189,0.05,0.3082,LOW,[]
evt-554d57b5-fd8c-427b-8e4e-11d63857f890,2026-08-03T08:53:35Z,ml-engineer-01,GetObject,s3,normal,0,,normal,False,0.128785,0.3159,0.0375,0.2324,LOW,[]
evt-fdab6fed-6ae2-4cda-8eb9-20f7ac1e5d39,2026-08-03T09:03:28Z,ml-engineer-02,DescribeInstances,ec2,normal,0,,normal,False,0.143089,0.2976,0.025,0.2159,LOW,[]
evt-d68a4f82-c659-4709-8b28-42b1ebe02a46,2026-08-03T09:04:13Z,developer-08,DescribeLogGroups,logs,normal,0,,normal,False,0.143472,0.2972,0.0125,0.2118,LOW,[]
evt-71c32f3b-1800-486a-b6cd-61da3826a316,2026-08-03T09:18:46Z,developer-01,DescribeInstances,ec2,normal,0,,normal,False,0.15149,0.2872,0.025,0.2086,LOW,[]
evt-29f7b655-0fbc-4131-a0be-829d5e95555e,2026-08-03T09:29:34Z,ml-engineer-01,DescribeTable,dynamodb,normal,0,,normal,False,0.141127,0.3001,0.02,0.2161,LOW,[]
evt-f3113eb4-2a11-4174-97f5-534e752c1c42,2026-08-03T09:45:05Z,data-scientist-01,ListFunctions,lambda,normal,0,,normal,False,0.149238,0.29,0.02,0.209,LOW,[]
evt-90142d21-0dde-402d-8548-4154415f9ba8,2026-08-03T10:04:33Z,developer-03,Query,dynamodb,normal,0,,normal,False,0.127013,0.3182,0.1375,0.264,LOW,"[""The activity occurred outside the home Region.""]"
evt-ad5c4ba2-73ef-4ab8-bb30-53900a400823,2026-08-03T10:07:02Z,data-scientist-03,DescribeTable,dynamodb,normal,0,,normal,False,0.159246,0.2778,0.02,0.2004,LOW,[]
evt-437712f9-6894-43a5-8b66-a453f23c5687,2026-08-03T10:17:45Z,data-scientist-01,GetMetricData,cloudwatch,normal,0,,normal,False,0.128847,0.3158,0.1125,0.2548,LOW,"[""The activity occurred outside the home Region.""]"
evt-8d5e1dc0-3a78-498a-967a-9ce2cd7b84cd,2026-08-03T10:21:33Z,developer-05,DescribeLogGroups,logs,normal,0,,normal,False,0.137895,0.3042,0.1125,0.2467,LOW,"[""The activity occurred outside the home Region.""]"
evt-61b88e23-b356-4856-9f65-f2ccc62c10d1,2026-08-03T10:27:59Z,developer-01,DescribeTable,dynamodb,normal,0,,normal,False,0.148122,0.2914,0.12,0.24,LOW,"[""The activity occurred outside the home Region.""]"
evt-7c103dad-c510-4880-8398-ae92377e33b9,2026-08-03T10:46:04Z,ml-engineer-01,PutObject,s3,normal,0,,normal,False,0.081346,0.3803,0.05,0.2812,LOW,[]
evt-931ad7f5-af8e-45cd-8cf8-d01079cf1b11,2026-08-03T11:10:20Z,ml-engineer-03,DescribeLogGroups,logs,normal,0,,normal,False,0.15802,0.2793,0.0125,0.1992,LOW,[]
evt-f606416a-844b-4bb4-9af9-34ea2ee4efa5,2026-08-03T11:30:58Z,ml-engineer-01,Query,dynamodb,normal,0,,normal,False,0.123729,0.3225,0.1375,0.267,LOW,"[""The activity occurred outside the home Region.""]"
evt-4396da39-7303-4033-9ff6-7702b4adf369,2026-08-03T11:33:16Z,developer-04,GetObject,s3,normal,0,,normal,False,0.130095,0.3142,0.1375,0.2612,LOW,"[""The activity occurred outside the home Region.""]"
evt-7f2a344f-dcc5-4fd4-86f7-4800aa465bb4,2026-08-03T11:36:07Z,developer-03,ListFunctions,lambda,normal,0,,normal,False,0.163522,0.2727,0.02,0.1969,LOW,[]
evt-d9c81343-89f6-4286-8f40-6cb1b3191536,2026-08-03T11:36:54Z,developer-08,Query,dynamodb,normal,0,,normal,False,0.130095,0.3142,0.1375,0.2612,LOW,"[""The activity occurred outside the home Region.""]"
evt-95775819-5faa-4ab0-8eb6-be538b52ceed,2026-08-03T11:38:53Z,developer-06,GetCallerIdentity,sts,normal,0,,normal,False,0.136794,0.3056,0.1125,0.2477,LOW,"[""The activity occurred outside the home Region.""]"
evt-cb0064a8-8698-453c-8c53-8d4f813fbcf0,2026-08-03T11:48:10Z,data-scientist-03,DescribeTable,dynamodb,normal,0,,normal,False,0.150192,0.2888,0.12,0.2382,LOW,"[""The activity occurred outside the home Region.""]"
evt-8cf0ab3f-04af-45b4-b382-34344886ac4e,2026-08-03T12:10:03Z,developer-08,Query,dynamodb,normal,0,,normal,False,0.138468,0.3035,0.0375,0.2237,LOW,[]
evt-0aa894d6-3299-4caf-a3a7-98e7288d0608,2026-08-03T12:18:52Z,developer-06,DescribeTable,dynamodb,normal,0,,normal,False,0.144771,0.2955,0.12,0.2429,LOW,"[""The activity occurred outside the home Region.""]"
evt-f4fa5d13-642d-4822-a099-7407106aa0fd,2026-08-03T12:30:43Z,developer-01,Query,dynamodb,normal,0,,normal,False,0.151887,0.2867,0.0375,0.212,LOW,[]
evt-ca8a6d9b-3119-421d-a936-c153bf673013,2026-08-03T12:44:07Z,ml-engineer-03,DescribeTable,dynamodb,normal,0,,normal,False,0.166103,0.2696,0.02,0.1947,LOW,[]
evt-bbbb2d4b-4984-4bcd-812b-91de773830d0,2026-08-03T12:49:05Z,ml-engineer-02,GetCallerIdentity,sts,normal,0,,normal,False,0.162639,0.2737,0.0125,0.1954,LOW,[]
evt-d40c9c23-5ccd-4176-a914-da0ddae1fdc0,2026-08-03T12:51:48Z,ml-engineer-02,DescribeLogGroups,logs,normal,0,,normal,False,0.00087,0.4987,0.0125,0.3528,LOW,[]
evt-1e7da265-1383-4ec9-a0cf-8c752982de70,2026-08-03T12:58:25Z,developer-03,DescribeLogGroups,logs,normal,0,,normal,False,0.162639,0.2737,0.0125,0.1954,LOW,[]
evt-868c0738-4a2a-4ad0-8808-0b568f31b534,2026-08-03T13:01:08Z,developer-08,DescribeInstances,ec2,normal,0,,normal,False,0.15798,0.2793,0.025,0.203,LOW,[]
evt-f7736d6d-60b9-4e84-ad24-f620cb8ab08c,2026-08-03T13:02:26Z,developer-08,GetCallerIdentity,sts,normal,0,,suspicious,True,-0.031914,0.5477,0.0125,0.3872,LOW,[]
evt-c3e9bed3-ea96-42eb-b803-1f4a8056efbc,2026-08-03T13:04:27Z,data-scientist-01,DescribeInstances,ec2,normal,0,,normal,False,0.153268,0.285,0.125,0.237,LOW,"[""The activity occurred outside the home Region.""]"
evt-f19d8a3f-7caf-4df8-9a25-4ce8f96f9e5e,2026-08-03T13:11:23Z,developer-08,GetMetricData,cloudwatch,normal,0,,normal,False,0.084952,0.3753,0.0125,0.2664,LOW,[]
evt-736e2554-8e5c-429e-ad82-4a098f650a34,2026-08-03T13:16:16Z,developer-07,GetMetricData,cloudwatch,normal,0,,normal,False,0.162411,0.274,0.0125,0.1955,LOW,[]
evt-f0f09368-243e-438f-9169-358b50896d58,2026-08-03T13:32:51Z,ml-engineer-01,ListBuckets,s3,normal,0,,normal,False,0.153268,0.285,0.125,0.237,LOW,"[""The activity occurred outside the home Region.""]"
evt-78546029-8040-49f4-95d7-c2ec5223c3d2,2026-08-03T13:37:23Z,developer-03,DescribeTable,dynamodb,normal,0,,normal,False,0.145255,0.2949,0.12,0.2425,LOW,"[""The activity occurred outside the home Region.""]"
evt-fecf13b0-0140-4407-95db-edb6bfa8cebf,2026-08-03T13:39:53Z,ml-engineer-02,DescribeLogGroups,logs,normal,0,,normal,False,0.084952,0.3753,0.0125,0.2664,LOW,[]
evt-e3026ae7-ec11-4f74-95a0-2c9ad62a482b,2026-08-03T13:49:18Z,developer-07,ListFunctions,lambda,normal,0,,normal,False,0.145255,0.2949,0.12,0.2425,LOW,"[""The activity occurred outside the home Region.""]"
evt-c3490914-79e0-4b8e-924c-a316918f911a,2026-08-03T13:50:10Z,developer-03,GetCallerIdentity,sts,normal,0,,suspicious,True,-0.06327,0.5938,0.1125,0.4494,MEDIUM,"[""The AWS API call failed.""]"
evt-0e31e6f7-9b1e-46ab-8bc5-193cec7e3879,2026-08-03T13:51:44Z,data-scientist-03,ListBuckets,s3,normal,0,,normal,False,0.165146,0.2707,0.025,0.197,LOW,[]
evt-9af34067-ec09-4201-8f22-14596df0d485,2026-08-03T13:52:09Z,data-scientist-03,ListBuckets,s3,normal,0,,suspicious,True,-0.004238,0.5064,0.125,0.3919,LOW,"[""The activity occurred outside the home Region.""]"
evt-4b674978-db9c-4835-a56f-2810a32511ea,2026-08-03T13:56:51Z,data-scientist-02,PutObject,s3,normal,0,,normal,False,0.075227,0.389,0.15,0.3173,LOW,"[""The activity occurred outside the home Region.""]"
evt-bfac7f7b-9753-4163-9984-0ab20aad304e,2026-08-03T14:14:47Z,ml-engineer-03,ListBuckets,s3,normal,0,,normal,False,0.169455,0.2657,0.025,0.1935,LOW,[]
evt-f0db59b5-7fae-4813-a8fb-013b847e3242,2026-08-03T14:21:30Z,ml-engineer-03,DescribeTable,dynamodb,normal,0,,normal,False,0.145806,0.2942,0.12,0.242,LOW,"[""The activity occurred outside the home Region.""]"
evt-6a6acf73-6531-4519-90e9-96e1e75d68cd,2026-08-03T14:30:05Z,developer-04,DescribeInstances,ec2,normal,0,,normal,False,0.152469,0.286,0.125,0.2377,LOW,"[""The activity occurred outside the home Region.""]"
evt-ae4adde0-a2b8-4537-8007-b933aa111221,2026-08-03T14:44:43Z,developer-02,DescribeLogGroups,logs,normal,0,,normal,False,0.165134,0.2708,0.0125,0.1933,LOW,[]
evt-893927ca-737d-4c90-b160-022c971b4136,2026-08-03T14:46:14Z,data-scientist-01,Query,dynamodb,normal,0,,normal,False,0.153736,0.2845,0.0375,0.2104,LOW,[]
evt-5af0579e-9e61-458a-853f-76b2681fd05d,2026-08-03T14:50:31Z,developer-03,PutObject,s3,normal,0,,suspicious,True,-0.073473,0.6085,0.15,0.4709,MEDIUM,"[""The AWS API call failed.""]"
evt-323d6a1c-1b12-4bde-bce7-02b1fa17ed7c,2026-08-03T14:50:43Z,developer-06,ListBuckets,s3,normal,0,,normal,False,0.152469,0.286,0.125,0.2377,LOW,"[""The activity occurred outside the home Region.""]"
evt-fb7f57e7-d202-4887-aac4-997a255a1f1d,2026-08-03T14:56:25Z,developer-07,GetCallerIdentity,sts,normal,0,,normal,False,0.165134,0.2708,0.0125,0.1933,LOW,[]
evt-54c024e1-b927-4f80-a6b7-c6cc179b75a0,2026-08-03T15:06:42Z,data-scientist-03,GetMetricData,cloudwatch,normal,0,,normal,False,0.163367,0.2729,0.0125,0.1947,LOW,[]
evt-9dd66026-435a-4419-81a3-077cf09a3862,2026-08-03T15:23:03Z,developer-05,DescribeLogGroups,logs,normal,0,,normal,False,0.141545,0.2996,0.1125,0.2435,LOW,"[""The activity occurred outside the home Region.""]"
evt-cb0b3f8c-0055-4d94-b3dd-d38d08e9792e,2026-08-03T15:26:33Z,ml-engineer-01,GetObject,s3,normal,0,,normal,False,0.150033,0.289,0.0375,0.2136,LOW,[]
evt-a4837fa6-0b98-4e29-b3dc-5ce0217c16d2,2026-08-03T15:29:29Z,developer-04,PutObject,s3,normal,0,,normal,False,0.082523,0.3787,0.05,0.2801,LOW,[]
evt-d0c664a2-5112-4bad-8025-d710ae77d709,2026-08-03T15:49:09Z,developer-08,GetObject,s3,normal,0,,normal,False,0.150033,0.289,0.0375,0.2136,LOW,[]
evt-607bc587-0445-4a41-9d29-5bc92bee73ab,2026-08-03T15:51:02Z,ml-engineer-03,DescribeLogGroups,logs,normal,0,,normal,False,0.163367,0.2729,0.0125,0.1947,LOW,[]
evt-f2fbcd47-93a5-4a8b-9677-d140a30c4cea,2026-08-03T15:51:59Z,developer-02,ListFunctions,lambda,normal,0,,suspicious,True,-0.028676,0.5429,0.12,0.416,MEDIUM,"[""The AWS API call failed.""]"
evt-1fd6ba0c-bae8-458e-867d-9fb4ad642039,2026-08-03T15:52:31Z,developer-05,DescribeTable,dynamodb,normal,0,,normal,False,0.142749,0.2981,0.12,0.2447,LOW,"[""The activity occurred outside the home Region.""]"
evt-34ab1cd7-1d7c-480a-ac8d-5912dfd16a8e,2026-08-03T15:56:26Z,data-scientist-03,GetObject,s3,normal,0,,normal,False,0.123436,0.3229,0.1375,0.2673,LOW,"[""The activity occurred outside the home Region.""]"
evt-908a4e15-3bec-465f-b963-08e683d21bd0,2026-08-03T16:01:51Z,developer-08,DescribeInstances,ec2,normal,0,,normal,False,0.134016,0.3091,0.125,0.2539,LOW,"[""The activity occurred outside the home Region.""]"
evt-8adce8b5-2570-4ba7-b831-b9747cde99b1,2026-08-03T16:05:09Z,developer-01,Query,dynamodb,normal,0,,normal,False,0.122048,0.3247,0.1375,0.2685,LOW,"[""The activity occurred outside the home Region.""]"
evt-847271a4-0fb9-431e-ae46-b2a04e661715,2026-08-03T16:14:01Z,developer-06,ListFunctions,lambda,normal,0,,normal,False,0.160443,0.2763,0.02,0.1994,LOW,[]
evt-154648d9-98a6-4ac4-ac70-f86da873704a,2026-08-03T16:14:16Z,data-scientist-01,DescribeTable,dynamodb,normal,0,,normal,False,0.160443,0.2763,0.02,0.1994,LOW,[]
evt-6d0ba57e-1c27-45a9-b756-2c60fa939e6f,2026-08-03T16:16:42Z,developer-01,GetObject,s3,normal,0,,normal,False,0.113745,0.3357,0.1375,0.2762,LOW,"[""The activity occurred outside the home Region.""]"
evt-9300440f-37ee-4d4e-b4fd-0ef54a6e6d7d,2026-08-03T16:25:43Z,developer-05,DescribeLogGroups,logs,normal,0,,normal,False,0.145848,0.2942,0.0125,0.2097,LOW,[]
evt-a8cc7b4e-7ce7-4b04-9c10-4c6f6e17e46c,2026-08-03T16:36:29Z,developer-01,DescribeInstances,ec2,normal,0,,normal,False,0.090526,0.3675,0.025,0.2647,LOW,[]
evt-0e522981-6ed9-4293-b5be-ae8b46e585fb,2026-08-03T16:36:59Z,ml-engineer-02,GetMetricData,cloudwatch,normal,0,,normal,False,0.156895,0.2806,0.0125,0.2002,LOW,[]
evt-fadb24fb-ce55-4167-b117-4ebed2cb732c,2026-08-03T16:45:30Z,ml-engineer-01,GetObject,s3,normal,0,,normal,False,0.145303,0.2949,0.0375,0.2177,LOW,[]
evt-bcdded65-5456-40a1-be75-3eb948b25080,2026-08-03T16:47:39Z,ml-engineer-02,GetMetricData,cloudwatch,normal,0,,normal,False,0.145848,0.2942,0.0125,0.2097,LOW,[]
evt-bb36bca0-7816-4818-a2ac-1396336ac976,2026-08-03T16:51:29Z,data-scientist-03,GetMetricData,cloudwatch,normal,0,,normal,False,0.145848,0.2942,0.0125,0.2097,LOW,[]
evt-6f7c0f4b-ac8c-4904-b6eb-b2d9116306da,2026-08-03T17:11:53Z,developer-01,DescribeInstances,ec2,normal,0,,normal,False,0.079081,0.3836,0.025,0.276,LOW,[]
evt-b43e1c6a-dbbe-4412-a6e5-25ce06fc0635,2026-08-03T17:13:11Z,ml-engineer-01,ListFunctions,lambda,normal,0,,normal,False,0.122765,0.3237,0.12,0.2626,LOW,"[""The activity occurred outside the home Region.""]"
evt-2a78fd84-adb8-4ce6-9e3b-f011191833fa,2026-08-03T17:34:01Z,developer-07,GetCallerIdentity,sts,normal,0,,normal,False,0.118255,0.3297,0.1125,0.2645,LOW,"[""The activity occurred outside the home Region.""]"
evt-1578e0db-ce16-49ad-af85-c0a8d3f3d1c3,2026-08-03T17:39:15Z,data-scientist-03,Query,dynamodb,normal,0,,normal,False,0.123402,0.3229,0.0375,0.2373,LOW,[]
evt-9a68387e-37e5-4f9a-83f0-37745ddfe953,2026-08-03T17:49:36Z,ml-engineer-03,ListFunctions,lambda,normal,0,,normal,False,0.152952,0.2854,0.02,0.2058,LOW,[]
evt-d141b229-0e13-4663-a309-a991bb544bee,2026-08-03T18:03:23Z,developer-05,DescribeLogGroups,logs,normal,0,,normal,False,0.103525,0.3495,0.1125,0.2784,LOW,"[""The activity occurred outside the home Region.""]"
evt-38d35aa9-52b4-402b-9a24-ed8f270f3b0c,2026-08-03T18:05:51Z,ml-engineer-03,GetObject,s3,normal,0,,normal,False,0.111811,0.3383,0.0375,0.2481,LOW,[]
evt-b5e1eb9f-2eb9-4f38-bb3a-0331f0166493,2026-08-03T18:06:22Z,data-scientist-01,Query,dynamodb,normal,0,,normal,False,0.096956,0.3585,0.1375,0.2922,LOW,"[""The activity occurred outside the home Region.""]"
evt-0a069ef0-6faa-4105-beca-eee4371657c2,2026-08-03T18:12:40Z,developer-06,ListFunctions,lambda,normal,0,,normal,False,0.140167,0.3013,0.02,0.2169,LOW,[]
evt-344e817c-2a42-407f-b518-3b20be1c40db,2026-08-03T18:17:31Z,developer-06,ListFunctions,lambda,normal,0,,suspicious,True,-0.014481,0.5217,0.12,0.4012,MEDIUM,"[""The activity occurred outside the home Region.""]"
evt-f2ccab82-c791-4610-9b9a-068b1baebb36,2026-08-03T18:24:54Z,developer-05,DescribeTable,dynamodb,normal,0,,normal,False,0.134839,0.3081,0.02,0.2217,LOW,[]
evt-d6868dc7-5e1a-4a58-884f-dc1f6c15287c,2026-08-03T18:24:57Z,developer-01,DescribeTable,dynamodb,normal,0,,normal,False,0.140167,0.3013,0.02,0.2169,LOW,[]
evt-4190fc2b-5df3-4681-a683-62436b35c54d,2026-08-03T18:27:15Z,developer-05,DescribeLogGroups,logs,normal,0,,suspicious,True,-0.053116,0.579,0.0125,0.4091,MEDIUM,[]
evt-660ba6cd-bc07-415b-a7ed-ab6b47cf0bd0,2026-08-03T18:40:11Z,developer-08,ListBuckets,s3,normal,0,,normal,False,0.141636,0.2995,0.025,0.2171,LOW,[]
evt-c0900307-c8a0-4550-b0f4-efdc3c6e27ee,2026-08-03T18:44:42Z,developer-07,PutObject,s3,normal,0,,normal,False,0.06616,0.402,0.05,0.2964,LOW,[]
evt-8d791ae8-791a-4eae-9de1-34e8d64887fa,2026-08-03T22:20:09Z,developer-02,DeleteTrail,cloudtrail,suspicious,1,defense-evasion,suspicious,True,-0.10022,0.646,0.9,0.7222,HIGH,"[""The event performed a sensitive operation."", ""The event happened at an unusual time."", ""The activity came from an external IP."", ""The activity occurred outside the home Region."", ""The AWS API action has a high security risk.""]"
